id_cuenta,tipo,saldo_actual,fecha_creacion,estatus,moneda,saldo_minimo
6de981fb-03e1-43f9-a63b-5f1f6fc4783f,Corriente,3345.52,2025-03-01,true,EUR,82.02
fe169079-da86-4a6e-a7f6-aede6c8a59bb,Corriente,9831.08,2025-03-01,false,EUR,69.82
47dae745-530d-46d5-9778-3ca6cb879224,Corriente,158.03,2025-03-01,false,MXN,74.99
1fbd2442-b7b9-403d-b1d4-7a72594dcf38,Corriente,642.21,2025-03-01,true,MXN,41.19
66810920-d9a3-42d1-b452-fef66a9a48e2,Ahorros,3877.88,2025-03-01,false,EUR,10.58
971f8162-7a98-42c4-a037-b27ae2832067,Corriente,3365.63,2025-03-01,true,MXN,46.22
817154c0-071e-42b2-bf37-cf1ca6e3fb64,Ahorros,5638.72,2025-03-01,true,MXN,10.82
dd3c0c6c-80ba-4051-ae60-263657258514,Corriente,4854.73,2025-03-01,true,USD,63.0
b5d4ebaf-8f70-4029-8a3b-b9ffff7fa72b,Ahorros,5157.64,2025-03-01,false,EUR,16.86
13225761-606f-438f-a183-ec4352517095,Corriente,4718.23,2025-03-01,false,MXN,40.44
42f1cb9c-6eec-4482-8a8b-bab326f70ddf,Corriente,507.79,2025-03-01,false,USD,37.65
2af4927b-af8d-4eb8-ae4c-cc248b9dfacf,Corriente,1535.31,2025-03-01,false,EUR,76.39
f1e246c1-b028-496b-8850-b1b715da6303,Corriente,4469.37,2025-03-01,false,EUR,78.47
4f0ec7f9-2939-436d-9b62-6c5e25782f93,Ahorros,6753.92,2025-03-01,false,USD,69.93
ecaff141-897d-4d89-9fee-7eb14d8f5b78,Ahorros,7335.31,2025-03-01,true,MXN,25.01
a21ed8c2-e133-4218-88cd-35c9dab166de,Ahorros,3741.07,2025-03-01,false,MXN,33.41
00f156dc-d938-4841-879b-3a315c300420,Corriente,3983.29,2025-03-01,false,USD,91.99
ca28d4c8-ab86-46ff-8b35-ed79666c3214,Ahorros,7130.48,2025-03-01,true,USD,81.64
c8508dfc-555d-4e15-b37d-5b4d8a6cfe84,Ahorros,8684.85,2025-03-01,true,USD,52.19
2742fe84-85ec-459b-a3a2-df4847476cf9,Ahorros,9443.63,2025-03-01,false,EUR,84.83
5c5adb51-3593-4d81-8e2c-97591c4c0e3c,Corriente,7629.38,2025-03-01,true,EUR,22.33
35f302e7-b822-4b39-ba4f-6c370952da74,Corriente,4235.12,2025-03-01,false,EUR,94.01
b3b915d8-6bb3-406c-9333-3bcae5c0f703,Ahorros,2027.06,2025-03-01,true,EUR,82.26
b51723de-f6ad-40d9-be15-b7131b503120,Corriente,933.39,2025-03-01,true,USD,78.76
a268fb5a-8a67-4f99-90e1-99bb1e1015f5,Ahorros,9628.01,2025-03-01,false,MXN,87.01
29054402-bd44-4e94-b10f-a0089a163c5f,Ahorros,366.12,2025-03-01,false,USD,37.22
4d3ae127-100a-4d14-9e45-07650e0a482d,Ahorros,9735.74,2025-03-01,false,MXN,28.27
4509ada0-d160-410d-a377-acd46a3dbd56,Ahorros,3527.99,2025-03-01,true,USD,69.13
93e33246-a29c-49a8-984c-3dbd3579019f,Corriente,7023.67,2025-03-01,false,USD,12.56
99a3ef20-1f08-4c32-b9f7-326245fb006d,Corriente,2132.96,2025-03-01,false,USD,85.82
ac96bcb2-a13f-40f7-88e6-aaef2b51793c,Ahorros,7842.84,2025-03-01,true,EUR,55.16
e2331d11-e0be-4ff1-bdc5-fce8b3d123b7,Ahorros,1356.7,2025-03-01,true,MXN,75.67
80c0370b-4831-48a9-a849-61909cde4d0b,Ahorros,3298.51,2025-03-01,false,MXN,85.55
bd019c2c-4b3b-46d0-b896-679965d40288,Ahorros,2898.42,2025-03-01,false,MXN,44.47
b94a86a7-e008-4931-964d-b67bac07259f,Ahorros,3420.79,2025-03-01,true,EUR,90.86
fc79e39a-5090-4f44-9e0b-f42e33fce45e,Corriente,6361.37,2025-03-01,false,EUR,98.79
7fa035ce-01f0-46c4-84c8-4623e6f8e762,Corriente,7785.46,2025-03-01,false,USD,23.66
7eed0dbd-f3e9-4179-8143-6632e3c61587,Ahorros,2651.4,2025-03-01,false,EUR,70.78
07fe97fa-5c94-4722-abe0-746f61ce1ddd,Corriente,7971.86,2025-03-01,false,USD,45.14
da52be2f-2ec5-4a15-b4c2-d318ddeefc21,Ahorros,7029.16,2025-03-01,false,USD,55.98
d6eed163-a4b7-493a-beb5-bf91554a0456,Ahorros,6732.85,2025-03-01,true,USD,22.16
35497903-054f-41de-bd3f-b77dc5e12802,Ahorros,7231.8,2025-03-01,false,EUR,15.13
4ef6b478-d7b7-4af3-9168-13052f0ffd89,Corriente,5453.0,2025-03-01,false,EUR,85.73
46690832-6b1c-49c9-8024-a3aaf00a76eb,Ahorros,1134.46,2025-03-01,true,EUR,52.51
2c56f089-17b9-44f1-ac6d-c550c1a03146,Corriente,7655.02,2025-03-01,false,MXN,41.18
dc8da7d8-aa9f-4409-b83e-bf3b1b54bc85,Corriente,9782.56,2025-03-01,true,USD,59.48
719f3339-e3fc-43d9-862e-1d093ccbe062,Corriente,4093.94,2025-03-01,true,USD,91.15
120a87df-edc0-4c2f-93ee-9cd63c7132b4,Ahorros,9981.9,2025-03-01,true,MXN,45.95
00719eb9-1886-429e-b766-88a4021fdcc7,Corriente,6453.1,2025-03-01,true,MXN,24.09
67207c8d-8884-41fd-b428-3f39d173cd3b,Ahorros,5900.08,2025-03-01,false,USD,63.17
e92a3b1b-90bb-402b-89ae-4b9607061672,Corriente,2931.63,2025-03-01,true,MXN,57.97
5d1004dc-3f48-4e67-a771-12fbcc68e1e6,Corriente,6430.21,2025-03-01,false,USD,88.47
e44b7d66-9c09-47c0-a312-cbf46e5f3246,Ahorros,7064.08,2025-03-01,false,MXN,80.72
88394cb0-3497-47ec-913d-599a5d670761,Corriente,3063.17,2025-03-01,true,MXN,14.24
a7235347-3179-4253-b9aa-1c60da59ed71,Ahorros,9084.43,2025-03-01,true,EUR,62.01
4c8d40f9-0996-4c8c-9c56-a05a58858f40,Ahorros,8117.45,2025-03-01,true,MXN,80.43
b5214e37-68f7-46f6-8c9d-86ecf836248c,Ahorros,6284.34,2025-03-01,true,EUR,99.53
bfccc5ee-f461-4b5a-ab4d-93f1baf4edec,Ahorros,9891.42,2025-03-01,false,MXN,35.43
ef5deac5-0ca4-4777-aa2c-80219fd7b1bd,Ahorros,7866.91,2025-03-01,true,EUR,92.76
fbe22959-11c7-480f-938a-b51555818bd4,Ahorros,4621.02,2025-03-01,true,USD,55.93
8228c3db-dacd-4d55-9e71-b4a57932ec60,Corriente,726.19,2025-03-01,true,MXN,76.44
4eaa0899-444d-4e4a-9529-9a003329142f,Corriente,5756.28,2025-03-01,false,MXN,37.42
2fec4f9a-2dab-4be8-b602-e211abd652cf,Corriente,7490.63,2025-03-01,false,MXN,83.79
9c432db2-10a6-47ca-80b3-816d2c7ef000,Ahorros,6627.34,2025-03-01,true,EUR,48.29
0f394392-2b55-4464-b2d0-b03b5e6977b2,Corriente,2113.76,2025-03-01,false,EUR,24.25
83db7042-7559-4871-ac40-fe3dc1901e70,Ahorros,1150.44,2025-03-01,true,EUR,40.96
88a3c3ae-eda6-434f-a6cb-85e6408c4594,Ahorros,7764.84,2025-03-01,true,MXN,80.62
94336e11-1b03-474a-b80e-8967833e7827,Corriente,4337.19,2025-03-01,false,MXN,60.88
47c4ebd5-04b9-4d9e-a139-866649449306,Ahorros,719.02,2025-03-01,false,USD,98.95
72a97fd6-7a86-4792-82de-d6e4167efb01,Corriente,9018.83,2025-03-01,false,USD,59.15
3caac9f4-8473-4d94-9f2d-6c8c17db2c96,Corriente,4826.92,2025-03-01,true,USD,91.91
c0a91153-bdd7-435f-b244-5bd8c9061e4a,Ahorros,6504.19,2025-03-01,true,MXN,35.11
8acbd0ef-abc5-4c5c-b562-6d44f660c27e,Corriente,5746.41,2025-03-01,false,USD,18.88
021e6d0a-38d3-466c-9855-4b413f6e33a8,Corriente,2470.51,2025-03-01,false,EUR,52.71
c6e974f8-1665-4f4d-b7de-2ee03e782403,Ahorros,2075.19,2025-03-01,true,USD,41.82
3c1a8fca-9f04-4cb3-9a62-aefa1da0fad4,Ahorros,266.4,2025-03-01,false,MXN,78.92
cf770a67-91d8-4da5-9eee-bd79a1aa47fc,Ahorros,1063.2,2025-03-01,false,EUR,67.48
041608ca-b733-4890-bb29-9efa1c137e06,Ahorros,9755.92,2025-03-01,true,MXN,29.73
b2a10d3c-3325-445a-a833-63cf7d902357,Ahorros,3441.79,2025-03-01,true,EUR,92.22
692347dd-3d6b-49cf-b850-54a7e0e0b732,Corriente,2127.83,2025-03-01,false,EUR,46.48
598737cd-c2e6-4915-a6a0-2ec632318ee8,Ahorros,5179.89,2025-03-01,true,EUR,43.57
ea8e0efd-5ff8-442e-a074-fc292bc71fbc,Corriente,6299.95,2025-03-01,false,EUR,43.45
df5342f2-a50e-430f-bc2c-21ad678d8a6d,Corriente,6308.5,2025-03-01,false,MXN,75.92
d7b1b42e-f68f-4651-9534-2118458a8dca,Ahorros,4083.45,2025-03-01,true,EUR,84.21
c42d7a70-2576-4831-9519-4b5db2fdf8ac,Corriente,2083.04,2025-03-01,false,MXN,40.49
5e42db11-472c-4ef8-a757-69ab9c3a187d,Ahorros,5958.82,2025-03-01,true,EUR,99.48
4fbdd62e-e598-4472-a5f4-50fb44157b9a,Corriente,6614.46,2025-03-01,true,EUR,81.55
808cb27f-f2e6-4719-9f24-795a0bd3b92e,Corriente,2925.04,2025-03-01,true,MXN,63.15
747f8564-4e28-41eb-a2ab-790bec9b2545,Ahorros,7674.29,2025-03-01,true,MXN,81.68
0896d9ac-0f76-48a1-8acc-e0aca65a7097,Ahorros,9186.75,2025-03-01,true,MXN,47.21
d68e697d-7d3a-47d5-9195-ce41308cc28d,Corriente,4318.78,2025-03-01,true,MXN,18.93
f495e2fd-a856-4ebb-931d-5d674fec72f9,Corriente,8358.32,2025-03-01,false,USD,13.11
5d85cd75-b699-4c01-8f69-872cc2a6bbe4,Corriente,3558.86,2025-03-01,true,MXN,70.86
cb002c3e-868d-4282-a94e-9c911b2896e2,Corriente,9060.14,2025-03-01,true,MXN,90.21
9108ba50-08c2-40b5-aadc-e67e30f9de6a,Corriente,529.31,2025-03-01,true,MXN,91.57
1c125d40-3d61-4e32-8f76-76d89d1d2573,Corriente,4070.59,2025-03-01,true,MXN,18.74
9121f63e-a24d-4849-b973-198070095ab0,Ahorros,3203.43,2025-03-01,false,EUR,67.1
bba380d1-ef43-41fd-9452-148e7c365256,Corriente,5842.5,2025-03-01,true,MXN,48.82
39333da3-a5aa-4557-b84c-399c80375dfb,Corriente,7711.57,2025-03-01,false,USD,25.61
4bc55984-13d3-4250-873d-113cb5fdf346,Ahorros,7536.97,2025-03-01,false,EUR,42.79
cd9f68ba-f382-48a6-9f88-2139e6d97444,Ahorros,1773.49,2025-03-01,true,USD,49.53
af97cc7d-7fce-48da-b6c0-b8914096e8e2,Corriente,8248.22,2025-03-01,false,EUR,25.41
0e7f6a0e-ac23-4162-97e3-b2ea1e28cadf,Corriente,6080.01,2025-03-01,true,USD,40.74
9627007c-dbc8-466c-b8a0-443d00aec997,Corriente,1746.46,2025-03-01,true,USD,97.25
b3ebec7e-d018-470c-95da-6c4ea8f5bcb0,Corriente,226.86,2025-03-01,false,MXN,16.16
04348c25-b73f-4690-8f77-7c35a83e19d9,Corriente,6313.96,2025-03-01,true,MXN,40.02
1e200a22-cdf3-4002-a7a2-6e730f658b57,Corriente,1350.61,2025-03-01,true,USD,59.3
49d79b4c-0169-4103-8c94-1a49986fcf58,Ahorros,4847.0,2025-03-01,false,EUR,23.78
7928ebe4-5a7a-4087-80fe-257b98220c1d,Ahorros,7626.33,2025-03-01,false,MXN,10.66
ef18828d-e41a-4f3d-ba25-96989b36d3e1,Ahorros,738.08,2025-03-01,true,EUR,33.07
55e986bd-5a45-4803-894e-7ee0955ad98f,Ahorros,6110.35,2025-03-01,true,USD,54.32
1d9a31b2-e650-4896-8ee4-a4345c8c691e,Ahorros,9909.72,2025-03-01,false,USD,92.82
605e4261-249d-4645-9556-0736e5b69736,Ahorros,2783.91,2025-03-01,true,MXN,53.32
9f76a0d7-cae8-4965-b10c-ee0e8509937b,Corriente,1128.11,2025-03-01,false,EUR,41.33
b164e7b6-41cb-4390-9e73-89e8386321c1,Corriente,584.39,2025-03-01,true,USD,88.85
b8cb3045-4347-409b-81ec-cfcde298dec9,Ahorros,3356.18,2025-03-01,true,MXN,59.59
fc6e1dd0-bc41-4db1-b2c4-d7151ae4673a,Ahorros,3103.39,2025-03-01,false,USD,23.74
01f5110f-b7c9-4a9d-a3e0-9ea241eb6be4,Corriente,2988.29,2025-03-01,true,MXN,81.9
9add352e-d89c-4e9e-9a08-0e8cc2c068f6,Ahorros,133.06,2025-03-01,true,MXN,93.27
dab5a952-ed6e-425c-9511-bfac9f3e5c44,Ahorros,4934.52,2025-03-01,false,MXN,94.0
0c82baa7-8ced-42df-92a0-f4f4a5a3f314,Corriente,1209.97,2025-03-01,false,MXN,95.67
2c1a116e-e146-4a35-9125-2078030cc5a8,Ahorros,6675.16,2025-03-01,true,USD,98.11
d98b0697-8ae5-4d43-9ddf-c826581cd59a,Corriente,6625.87,2025-03-01,false,USD,28.37
92f67f1b-c445-4ffb-929f-977b1dacdb6e,Corriente,632.44,2025-03-01,false,EUR,75.28
9f02bcd6-48f1-44da-99fd-86b5b2deb165,Ahorros,2076.41,2025-03-01,false,EUR,81.29
64e09521-029c-431c-85cb-ca8dbd93f34c,Ahorros,8565.93,2025-03-01,false,USD,54.7
0b1280a7-8e93-492f-9ef6-0f6eb4c79aad,Ahorros,2661.61,2025-03-01,true,MXN,79.62
1fd0c915-5e45-4932-988d-8138607fb51b,Ahorros,107.77,2025-03-01,false,MXN,68.73
2b7b8c0d-2738-4115-af74-7e30f5f1abd0,Corriente,4062.93,2025-03-01,false,EUR,34.43
4fd36555-763f-48eb-b656-13e6c8a8c96a,Ahorros,5914.91,2025-03-01,true,EUR,39.72
d48002da-ba7d-4cf6-92de-bfbcf2be277f,Ahorros,3621.16,2025-03-01,false,USD,33.99
d2b5566d-5188-4d9c-a48e-1fde2335f67c,Corriente,1668.59,2025-03-01,false,EUR,58.24
91b88c3f-5eef-415b-bcf0-65e8140765e6,Ahorros,7158.03,2025-03-01,false,MXN,79.47
c9c7142b-5a49-4a28-b016-8a60a29e499b,Corriente,157.59,2025-03-01,false,MXN,86.21
bf7cc476-477e-4538-81b8-fc8e1b77b788,Corriente,492.58,2025-03-01,true,USD,67.28
77f48be1-c87e-4a2f-9447-bdfb9f6aad6c,Ahorros,6722.95,2025-03-01,true,EUR,91.43
9e57af08-911b-4544-bab7-176b8ac4bd3e,Ahorros,5275.77,2025-03-01,true,MXN,39.01
41cf88e0-3282-4e5e-89d2-fa0ea6434b78,Ahorros,6049.01,2025-03-01,true,MXN,80.5
20ca2e3e-d2fc-477f-89cf-74f42f0bdb9e,Ahorros,8415.34,2025-03-01,true,MXN,71.26
6060b1ed-6881-4af4-8f5d-f2e72bbe6af6,Ahorros,5396.04,2025-03-01,false,MXN,97.41
4ddfd930-f965-4836-a43e-bba0b017846f,Ahorros,3170.84,2025-03-01,false,MXN,68.09
57912857-ee70-4156-b292-92c727945461,Corriente,7132.96,2025-03-01,false,MXN,70.05
34b22349-3ef8-4efe-8108-d41292da2a9b,Ahorros,7718.06,2025-03-01,true,MXN,42.98
c29a6272-689a-4af7-8790-0bc94765fd7f,Corriente,4083.36,2025-03-01,true,MXN,65.29
55839f7e-8748-40ca-aaff-547acec61d6d,Ahorros,6997.56,2025-03-01,false,EUR,15.33
f8fbff46-c804-46e7-9879-5df3f7168b20,Ahorros,8346.23,2025-03-01,true,EUR,30.84
4463d325-16de-4f3f-82d7-51839273867b,Ahorros,2660.97,2025-03-01,false,USD,75.4
a7454d66-10b3-43d8-95c3-2a032f773da2,Ahorros,9743.44,2025-03-01,true,USD,15.36
dc0ee436-2616-4191-a77f-6aaf530e91ca,Ahorros,4919.54,2025-03-01,false,MXN,93.28
ff13d9a3-a5b5-4870-b7f4-c0deb6bb5c6a,Ahorros,8267.77,2025-03-01,true,EUR,10.02
89ca9614-6b15-452d-bed7-087dcd669fdb,Ahorros,1702.18,2025-03-01,true,MXN,62.8
c76ed909-cdde-46f5-a58d-29d9910e1a9a,Corriente,8831.8,2025-03-01,true,EUR,31.08
7920056d-fb03-4386-8de8-7b135a9eee7a,Corriente,7443.8,2025-03-01,false,MXN,72.64
edea3fb4-b9c6-4e69-ab4e-17a456f05283,Corriente,574.04,2025-03-01,true,EUR,66.82
87ec817d-7001-47af-8e95-00d107b3af42,Corriente,3855.86,2025-03-01,false,MXN,62.62
0407b6b4-f1fd-4190-ad89-8950ff504ace,Ahorros,3540.28,2025-03-01,true,EUR,12.58
b3c73a05-2762-4c02-a84b-f2e4a47b859c,Ahorros,8429.16,2025-03-01,true,MXN,49.4
727fb0b8-4b3c-406c-8954-280ffa2d1d20,Ahorros,1775.15,2025-03-01,true,EUR,87.92
7220f089-3906-48e6-8442-f6feb01dbf09,Ahorros,5846.72,2025-03-01,false,USD,47.44
b5423c5e-74f1-439d-9ad4-b902ce1451fa,Corriente,2076.24,2025-03-01,false,USD,54.74
bb432a79-6b14-472d-966b-d761411688ab,Corriente,9018.19,2025-03-01,true,MXN,28.55
e077f62a-ebf2-4de8-b54c-0d1136874b5f,Corriente,6641.88,2025-03-01,true,USD,65.43
cdd3a883-afd0-4989-849d-c7070b70dd91,Corriente,6866.22,2025-03-01,false,EUR,58.41
d4d67a46-76b8-4be5-8f4e-dd2ad90fec36,Ahorros,3109.0,2025-03-01,false,EUR,21.39
dfaf777d-c4cf-4741-9477-33168d97fb21,Corriente,5992.82,2025-03-01,true,USD,94.15
50fce468-e027-4897-91bd-1ebed48971f9,Ahorros,1073.15,2025-03-01,true,USD,33.69
e832838a-b0f8-496c-8597-6f03eae73149,Ahorros,6785.3,2025-03-01,true,USD,46.72
ebb78ec3-5f69-453e-95c4-e2f1fa4b4f5e,Ahorros,2419.34,2025-03-01,true,MXN,65.31
55044e0c-1ae5-499b-b1af-d6c03b73dcfa,Ahorros,1430.25,2025-03-01,true,USD,17.26
0757677e-fa31-4fae-8527-3468cd0c4c45,Corriente,6643.61,2025-03-01,false,USD,31.65
1ce43744-f7a8-42bf-82c9-b8556d740447,Ahorros,9008.77,2025-03-01,true,USD,94.53
410c83c7-3d82-4699-962b-d896cac2c0c9,Ahorros,732.76,2025-03-01,true,EUR,51.63
7d85e4c8-51cb-480a-8bb2-7f33f3f994d5,Ahorros,3301.43,2025-03-01,true,EUR,73.18
162bebc7-eacf-41ef-b287-15cd01eb8077,Corriente,766.44,2025-03-01,true,MXN,37.23
20dc1259-4689-4db5-9eb9-d1e7d0d2e627,Corriente,7719.25,2025-03-01,true,USD,67.52
67698fa6-0c4b-42d7-91ff-b8478d8e0b6e,Ahorros,1720.9,2025-03-01,true,USD,48.87
b514a5cd-fc28-4fae-ad14-0cebd86de65c,Ahorros,7871.25,2025-03-01,true,EUR,18.48
9e97c85c-8b24-439b-b876-9cac27cc699d,Corriente,1497.5,2025-03-01,false,MXN,87.37
f41483f0-5be1-4cd2-a31d-e63bc51dd16a,Ahorros,4322.3,2025-03-01,false,EUR,90.63
4aaa9a79-ad31-4756-9a78-c0adfdae8a86,Corriente,2967.11,2025-03-01,false,EUR,26.33
01464a29-2249-4a5a-9929-445f6c025e84,Corriente,6614.62,2025-03-01,true,USD,92.16
9117f4b3-5df1-4789-bf4d-ef49414e4a13,Ahorros,6360.52,2025-03-01,false,MXN,15.12
c6647301-3dba-44a0-a541-34a33152c090,Ahorros,6585.22,2025-03-01,false,MXN,72.33
31f0f056-1167-4153-a960-f183bb55d5ae,Corriente,1399.08,2025-03-01,true,MXN,30.02
7a19818f-4b9b-4210-9ba9-eef8fc3b9130,Corriente,2185.01,2025-03-01,false,MXN,28.38
627cbf6c-1366-419e-81a2-b6dafb923ae2,Ahorros,1805.34,2025-03-01,false,EUR,89.35
74187974-3f3e-4e6e-b3ea-5cd113eb4726,Corriente,8545.12,2025-03-01,true,EUR,83.97
e81a40c6-9ffa-47fe-af1f-899f86e7e843,Ahorros,5694.32,2025-03-01,false,EUR,10.58
42e576c9-a13e-463e-8606-a92d280b0ccb,Corriente,3650.63,2025-03-01,false,USD,73.58
9a040cf0-ae95-4a5d-8ae7-33880a1831b5,Ahorros,713.15,2025-03-01,true,EUR,51.73
f5d0ca8c-2c9a-4ffe-a4f0-757b2b65ac4a,Corriente,8025.82,2025-03-01,true,MXN,67.36
32476cae-74fd-4305-b85f-5db34d124f1a,Corriente,8445.54,2025-03-01,false,USD,33.65
81e19273-1e38-4e40-b2be-868f2c934743,Ahorros,8933.06,2025-03-01,true,USD,58.63
6e580663-b27d-4771-a17f-c0b4f8573c66,Corriente,9079.28,2025-03-01,false,USD,69.97
ecfb4576-fa64-4000-aede-f1d9f35e5720,Ahorros,6943.19,2025-03-01,false,USD,11.82
ff64f12b-785b-4596-b156-3e26f6becdab,Ahorros,7353.83,2025-03-01,true,EUR,12.18
6e01bf5d-650e-4ed0-9179-3aa7597f692e,Ahorros,4116.42,2025-03-01,false,EUR,62.81
e76353cf-abea-41de-b37c-12d2d78ea6fb,Ahorros,1497.97,2025-03-01,true,EUR,58.44
56431e7a-b62e-4902-845a-d0a6754e7e76,Corriente,4412.6,2025-03-01,false,EUR,28.39
0edc3a2f-70f7-4b9e-b63b-037a7c257bd1,Corriente,9102.9,2025-03-01,false,USD,76.0
c0a4d693-f819-4b5a-99fe-63673bbef143,Corriente,5795.12,2025-03-01,false,MXN,54.82
b2fa64a3-bdfd-4d3a-8009-ebe4f6b166c3,Corriente,4290.92,2025-03-01,true,MXN,86.35
1a732f4a-b5f8-4fab-9eea-f61e9e0719d9,Corriente,5679.88,2025-03-01,false,MXN,37.13
1020b7a7-051e-4eff-8697-68d824a39fe6,Corriente,7604.36,2025-03-01,false,EUR,66.05
11b8ed4f-2a99-407d-8b8d-5a2449a036b7,Ahorros,1890.69,2025-03-01,false,USD,28.33
7a97b168-a679-4cff-a9b7-01151dd964bd,Ahorros,2350.0,2025-03-01,false,USD,84.2
28cf90aa-9677-4df1-9912-60b5f64f7a4c,Ahorros,226.5,2025-03-01,false,MXN,94.76
3543b50c-112f-4657-834f-58e2925f0ea9,Corriente,5045.5,2025-03-01,true,EUR,83.22
9a6a6037-60f6-4191-8a0c-9f62135b6b29,Ahorros,8463.03,2025-03-01,false,EUR,31.0
3544acaf-f3a2-49ff-83c0-d3d5f336286b,Corriente,9149.3,2025-03-01,true,EUR,33.31
a325b9d2-db04-4d16-b94a-ff024006ffbd,Corriente,1494.71,2025-03-01,false,USD,89.34
3372b964-7bd3-4cf7-84b1-8ca9794cf054,Ahorros,3464.54,2025-03-01,false,MXN,83.2
9ac8d49e-8900-44ef-b0e4-27f367fdbb4c,Ahorros,4270.27,2025-03-01,true,EUR,98.41
f9d98f6f-bc10-4639-93b7-6be2acc852c0,Corriente,3865.31,2025-03-01,true,MXN,14.22
97f711d7-85e5-47a4-984e-e4ced20a5cba,Ahorros,6090.11,2025-03-01,false,EUR,40.46
a218e066-c188-4838-bb7d-7b984a465de7,Ahorros,8338.51,2025-03-01,false,MXN,46.86
e28c6cc0-ac8b-4a9a-982b-025a816db176,Ahorros,8634.81,2025-03-01,true,USD,52.93
cece9e73-1033-485d-9806-6f1278516432,Ahorros,3926.59,2025-03-01,false,EUR,41.3
9b94df55-0f87-4103-ab87-e4272eb6d2d0,Ahorros,2409.33,2025-03-01,false,EUR,72.64
7d8ca1c5-262f-4809-aeee-888a6916d7b1,Corriente,560.18,2025-03-01,false,EUR,91.17
b26ea35e-eaa6-44ec-8699-02292db7a7b0,Corriente,1661.47,2025-03-01,true,USD,32.26
8c9d0b83-49d3-46fd-83fe-61bf5853bac2,Ahorros,8127.6,2025-03-01,true,EUR,43.43
7181e3e4-ce32-481b-a5b8-15f4d61e00b1,Ahorros,3892.71,2025-03-01,false,MXN,74.85
2d7f4982-e2f8-4deb-9f82-133f9a88311b,Ahorros,5698.56,2025-03-01,false,USD,49.96
81182906-880d-48cf-9929-d40db0c70829,Corriente,6745.27,2025-03-01,false,USD,50.77
fcc93843-5f73-4d34-9137-f872b78421e1,Ahorros,1232.11,2025-03-01,true,USD,38.29
6905c258-21fa-456f-bee3-9816ab415384,Corriente,6074.13,2025-03-01,false,USD,69.36
3bc04c3b-c40a-4438-96e3-0e3e933100f7,Ahorros,9044.36,2025-03-01,false,MXN,79.4
d99a2a86-f433-4ff2-b484-bec702add921,Corriente,8938.06,2025-03-01,true,EUR,24.02
a724da6a-b896-479b-8378-5431aa54d60a,Corriente,4384.62,2025-03-01,true,USD,26.54
e819c722-97d8-436e-9d31-5899053bd285,Ahorros,6643.03,2025-03-01,true,MXN,22.99
dfe8dfc3-a714-4dfa-af8f-2e891d82dd0a,Ahorros,7637.74,2025-03-01,false,EUR,71.66
321ccfc3-a661-4b85-8ab3-415ccdfd8f1b,Corriente,576.18,2025-03-01,false,MXN,75.24
7a9a96b6-1294-48a0-9416-ecb826970288,Ahorros,5319.4,2025-03-01,false,USD,19.5
1a6a6ffc-9bd3-4250-95a0-58e3f83cced0,Ahorros,1378.93,2025-03-01,true,USD,12.69
5060b4c0-0054-4b35-94f1-b354e0130caf,Ahorros,8274.67,2025-03-01,false,USD,17.92
f06cdbed-2852-4586-bbc8-4f27bed31081,Ahorros,2997.32,2025-03-01,true,EUR,68.5
ae81c12c-4b28-46ae-b252-5766f70a8ab3,Ahorros,1795.53,2025-03-01,true,USD,86.12
03eec922-184b-4a6c-bdfc-3a52cc7ed660,Ahorros,9887.5,2025-03-01,true,EUR,72.9
be308edc-3c71-465a-99c3-596e05e740c3,Ahorros,1791.6,2025-03-01,false,MXN,23.5
07e2139b-a01f-4f8d-9cf1-56624f7f60de,Ahorros,717.16,2025-03-01,true,EUR,98.06
fcd71dbd-e995-4d7f-8463-1136ad8a3713,Corriente,484.98,2025-03-01,true,MXN,91.1
d7f52766-2883-42c2-a867-01980646dad5,Corriente,8285.82,2025-03-01,true,EUR,79.14
49ea5e6d-fa15-49de-a2c8-1b26242d1a5e,Corriente,7437.13,2025-03-01,false,MXN,94.52
1e86923c-914d-4851-9222-539586602775,Ahorros,3832.99,2025-03-01,false,EUR,14.6
85108c30-aabc-445c-8298-d7fba97efbb8,Ahorros,853.56,2025-03-01,false,EUR,77.96
e19eac84-f3f7-47a5-a348-f4cd7c7e7b82,Corriente,7065.45,2025-03-01,true,USD,18.61
54632c0f-9ef3-4c1e-b038-f024659bd0f4,Corriente,1416.74,2025-03-01,false,USD,51.22
7ee9e9ec-6f0b-4ada-80e2-2254ed6b0531,Corriente,5969.65,2025-03-01,false,MXN,71.56
9c7218e9-86ef-426d-a654-96849c3cf487,Ahorros,9642.05,2025-03-01,false,MXN,24.0
d820a02c-98b7-4fae-bf1e-7daacdcd7b7b,Corriente,9478.06,2025-03-01,true,USD,63.44
d493886d-c7a9-423e-a1f9-ebfa3617fa69,Corriente,7167.64,2025-03-01,false,USD,22.4
0dbc53f4-56fb-4c56-9434-5535dffb0e69,Corriente,2919.75,2025-03-01,true,MXN,78.38
fae8eb8c-7504-4847-b8bc-b621e6e7fbe4,Corriente,967.15,2025-03-01,true,USD,55.17
b0adcb40-cf00-47e0-a314-62dee661b1db,Corriente,8197.19,2025-03-01,false,EUR,52.17
ab1e2de4-62b4-445f-a664-b576dccfce8c,Corriente,5018.92,2025-03-01,false,USD,34.51
89de4db5-99bc-4675-96fd-0ea8607c09b6,Ahorros,3308.21,2025-03-01,true,MXN,51.26
67680bdf-0de6-4967-8943-f72ab30b593c,Corriente,1391.99,2025-03-01,true,MXN,10.94
b4a4dacd-9c8a-4f60-9290-37582b509956,Ahorros,3855.96,2025-03-01,true,EUR,73.82
bdc8be26-36d6-4c41-a211-8ae91c7eb061,Corriente,4920.03,2025-03-01,false,EUR,48.31
5f692391-b2ec-4ad6-b063-c49591303f35,Corriente,7528.94,2025-03-01,false,USD,66.79
7255e6e8-fd7e-42e8-8465-e7dce9bcc2f3,Ahorros,9016.96,2025-03-01,true,USD,98.3
4661dbd4-8d31-484a-8fdf-2faed6565f6f,Corriente,2741.36,2025-03-01,true,USD,53.31
746f8ee6-a39d-4622-a35b-3be0242c4f5e,Corriente,7872.12,2025-03-01,false,USD,44.82
ef18b6b7-73ff-4dc4-9164-e53dcbe9c394,Corriente,540.62,2025-03-01,false,MXN,27.11
96883209-3732-4120-8b90-b9e709f27f42,Corriente,3201.32,2025-03-01,true,EUR,96.69
1498c3eb-9131-49b7-9dbf-34eca43af214,Ahorros,5148.35,2025-03-01,false,USD,80.21
0d3b9ec1-9140-4d65-af71-97ff9642c087,Corriente,9851.73,2025-03-01,false,MXN,61.08
afa09083-85d1-4bb8-b041-34ea1b9cffb3,Ahorros,1320.22,2025-03-01,true,MXN,45.05
e7fcb765-3f40-44ed-8d0a-b66059760215,Corriente,6653.65,2025-03-01,false,EUR,90.4
f97637bf-5831-4052-a01c-edbe2782c7b2,Ahorros,3662.06,2025-03-01,true,MXN,53.55
9792e3d1-3525-4a5f-81be-f6234b7c7c2a,Corriente,8984.75,2025-03-01,false,MXN,28.19
e5e95836-edcc-425b-840b-a16b0b713c6c,Ahorros,3174.53,2025-03-01,true,USD,84.78
b1f94c8d-d7ce-4708-adf5-c35e10022eab,Corriente,9660.95,2025-03-01,true,MXN,28.27
7f4611b5-53e5-43a3-af96-f481ecfc4ba2,Corriente,6191.31,2025-03-01,true,MXN,28.36
0f12b11e-f547-4bfc-9eb9-730c95c57314,Ahorros,6153.69,2025-03-01,false,EUR,24.32
e49289f2-55c8-43f8-9b70-32e5045e4164,Corriente,791.76,2025-03-01,false,USD,30.15
294af118-6ca6-4bec-bbd5-fb13407a3b9e,Corriente,8086.04,2025-03-01,false,USD,91.22
e574c2bd-03d7-4462-a84d-26e5f70cff19,Ahorros,7023.1,2025-03-01,true,EUR,20.49
9e71d77c-fe24-4fa9-a73b-51a4284a0f5e,Corriente,9290.8,2025-03-01,true,EUR,24.08
f54ab131-8500-4703-81ac-9cb990b29c98,Corriente,5255.45,2025-03-01,true,MXN,87.99
eab49ca2-4df9-4033-8f48-1c7da4df8d08,Ahorros,4090.52,2025-03-01,false,USD,10.79
4aca5fc4-4601-44c1-b443-3d54b83decfc,Corriente,3748.92,2025-03-01,true,EUR,13.78
d38c2ea4-20b3-41e4-9f6b-4db3f30cee01,Corriente,9636.68,2025-03-01,true,USD,24.01
8b193664-fac8-4868-b461-cff2738898ea,Ahorros,247.38,2025-03-01,true,USD,21.39
18f89a7f-c1e3-4d80-a67e-2f72e9857c2d,Corriente,2592.12,2025-03-01,true,EUR,77.36
96b78e3a-886b-45a9-a872-ef1c3d5c85a0,Corriente,6050.38,2025-03-01,true,MXN,15.75
9e78b455-a14b-4153-a330-ef5d4d5da820,Ahorros,2225.13,2025-03-01,false,USD,82.97
7f81718c-d003-4880-82e9-51de7a12f983,Corriente,5936.12,2025-03-01,false,EUR,23.22
e64a3ded-353b-4577-af2f-85201587386c,Corriente,9535.27,2025-03-01,false,USD,90.39
2566743d-307b-4f17-b4b2-d164d474cdb1,Corriente,5653.48,2025-03-01,false,MXN,12.46
2bfb6f94-a7ae-43f7-b2a8-4314ff504514,Corriente,5961.26,2025-03-01,false,USD,61.71
38fcfb1d-7aef-4403-8e24-dcd5153dae30,Corriente,4400.68,2025-03-01,false,EUR,67.64
2a5ebcd5-7a75-4c31-a666-1b9295466e9c,Ahorros,2677.65,2025-03-01,true,EUR,69.44
26d7dc18-888f-4f0d-9834-68dac1823131,Ahorros,1165.76,2025-03-01,false,EUR,38.96
c83d97aa-dea2-4738-b727-d16ed577b866,Corriente,3291.85,2025-03-01,false,USD,84.52
92d97cef-1fac-448f-b62d-145940e69e8b,Ahorros,2047.82,2025-03-01,true,EUR,75.14
dc86a655-e6e4-4895-9210-9b2dfd007319,Ahorros,1392.86,2025-03-01,true,MXN,78.23
8a8f9bda-78c8-4285-9d49-861997404585,Ahorros,6355.45,2025-03-01,true,MXN,36.2
94703969-d057-4eeb-9e63-4b8a0d4ceb16,Ahorros,1243.51,2025-03-01,false,USD,29.36
