id_tarjeta,tipo_tarjeta,limite_credito,estatus,fecha_vencimiento,numero_tarjeta,emisor
d4607a82-6145-46eb-89e9-839819834aa5,Crédito,7643,false,2027-02-07,4304390828340784,Banco B
8e9dd333-ce53-466f-b642-ae518c648c3c,Débito,6985,false,2027-05-20,4502700197333172,Banco A
f7e24181-2107-4b60-ac57-17adba1cfc85,Débito,9605,true,2028-01-29,4615675946038300,Banco A
9ad24e53-12c7-4560-8e47-1021ae3b6882,Crédito,8876,true,2025-04-12,4200621441398453,Banco C
1001a6cf-b6f4-43d9-8535-2cb94a65b7ed,Débito,9702,false,2026-11-09,4085021219512415,Banco C
44267149-71ae-4978-b7f7-1dcc40f5b3c0,Crédito,7681,false,2025-07-14,4804583480859208,Banco A
ab6fe539-437e-4281-a180-2ec2b991d405,Crédito,9378,true,2026-02-10,4082473884501543,Banco B
e30148fe-3ea3-4b8f-a923-3cb6a25d43fe,Débito,7890,true,2025-05-19,4908717565859506,Banco B
6f8bc81a-facf-4078-87eb-ca8fef147ac8,Crédito,2667,false,2026-02-21,4377520227624491,Banco C
bdb6ac35-6595-48f0-b76e-df6c1df16d2e,Crédito,5755,false,2027-09-02,4143329924371955,Banco C
7d761189-dae1-4a93-b395-87ef5b98eca1,Crédito,9309,false,2025-10-30,4623126252514746,Banco C
9ac5c9de-b363-4ac7-b28e-4f5334bb3789,Débito,1626,true,2025-10-11,4462865007799800,Banco B
c80a98e3-0d69-49b7-b01f-172a88b3fe27,Débito,7151,false,2026-05-09,4274171536665888,Banco A
aa66011f-608a-4c63-9a37-da22b4d85dd0,Crédito,9469,false,2027-12-11,4248139501188224,Banco A
b20f9621-f6a3-422d-a54f-c6bb5c588ad6,Crédito,7639,true,2025-12-29,4312092538010415,Banco B
98311e77-4681-48b3-a8cc-04925df64939,Crédito,4055,false,2027-05-28,4589495755063731,Banco A
16bf47d0-18bc-4782-b22b-17aeef7a9a2c,Débito,7494,true,2027-09-15,4207402008914953,Banco B
03478d14-6e0d-401b-8326-141944274265,Débito,3058,true,2025-12-26,4924377370130272,Banco A
199a9dc7-29a4-439b-aa98-6820be1eb6fd,Crédito,3171,false,2025-06-23,4189779858287021,Banco C
4568ff50-3292-460c-ae0d-4cf8dffd35a3,Crédito,8959,true,2026-05-22,4676270401396573,Banco A
c160245c-f974-493b-ae2b-e1aa2b53ccff,Crédito,6367,true,2026-08-29,4172218875515144,Banco A
6615ceaf-c27b-41f5-929b-7cb074432c3c,Débito,3542,false,2028-01-28,4854399419903504,Banco A
24218cff-97ca-460f-8a7c-511e5d434172,Débito,5553,true,2026-10-01,4175610430729192,Banco C
75b10ba7-dd16-4363-a95e-ea11bdb9cc1c,Débito,9544,true,2025-07-09,4812776811099749,Banco B
b666804c-bdd9-4dc9-9ff3-fdcf174edde4,Débito,4530,false,2025-05-07,4824729533814874,Banco B
5fc8b26d-8d54-461f-9125-7f0da89de952,Débito,6927,true,2027-05-01,4225452535453204,Banco B
6fb69ee6-fd08-4d70-97d7-fe3a26bb1833,Crédito,8892,true,2026-07-24,4796977077441421,Banco A
1cc99315-20a8-4beb-bcc4-e0213844e7cc,Crédito,8106,false,2027-03-10,4784944816903202,Banco A
02ff6a77-1bc9-42cd-9d6c-b0494b1ada48,Crédito,7732,false,2026-02-14,4947103999251877,Banco A
1d98074d-ad58-4375-a046-b141401dc9f3,Crédito,6484,false,2026-11-13,4355418774344994,Banco C
9d447424-f5f1-415d-b444-7645d17fa49b,Débito,1848,true,2026-04-25,4007213150103842,Banco C
31518f9d-1f04-4a84-b950-57e8bdf82d65,Débito,5388,true,2026-08-17,4615883126522604,Banco A
48ff170e-8db1-4565-a900-6cac2cb7531d,Crédito,4011,false,2025-05-03,4975130897406323,Banco A
7b9a0f35-9fd9-41d1-9dfe-815d493cd57d,Crédito,7714,false,2026-04-19,4809795722180709,Banco C
b887e2b6-ca87-4a38-8371-8aff4d04c95a,Débito,5210,false,2027-10-04,4201537999624345,Banco B
51e3bbe7-c302-43e1-b451-840c2f207707,Crédito,4717,false,2026-07-11,4562301759056983,Banco A
b2520c6e-30d2-4bbf-be70-a110c8ddf684,Crédito,7185,true,2027-05-10,4023710122627770,Banco C
2b66e8f5-0cea-4a48-a7de-d85e597bcaa2,Débito,9918,true,2026-01-29,4509840200705842,Banco B
8ba59d66-c56c-45c9-b9f3-9f583522e091,Crédito,7303,false,2027-07-09,4489486943340404,Banco A
cbdac40b-a8f2-465b-8672-f86140d096ce,Crédito,7373,true,2027-12-30,4943588374374592,Banco B
0eb7b33f-99f6-4f6b-a0dd-9f49e4444b8f,Crédito,6497,true,2026-08-25,4096598918062020,Banco A
973720c9-0a9b-4c23-9905-1dc922e27201,Débito,9128,false,2025-05-14,4123399367381484,Banco C
2a2821c3-dee5-490c-a212-f96e518dda84,Débito,2619,false,2026-10-16,4733640554124809,Banco C
a56ffe38-aee1-41ea-ab3a-91232503554e,Débito,5960,false,2025-05-18,4572147409217615,Banco A
90d210e7-a57c-4649-b4e7-5a1232372bf0,Crédito,1907,false,2027-03-20,4442787698404639,Banco C
45b6b491-8e7d-4819-b589-ae1061090f2d,Crédito,8962,false,2025-04-18,4598608858773814,Banco B
9a558f31-46a5-493a-a287-ee159a27ea37,Crédito,4494,false,2027-05-14,4037788792433059,Banco B
7ce75131-02ef-4297-b202-ca82deaa430c,Débito,8002,true,2027-02-15,4815712351718446,Banco B
bb0619a3-1262-4303-b8ae-75238b6e7226,Débito,6550,false,2025-07-16,4466665881732178,Banco C
50d09178-87c3-438e-86da-d2a6b4a1f69f,Crédito,7516,false,2026-03-20,4557896344801024,Banco B
e3deecad-66a5-428e-b7a6-50e9a4d554bc,Crédito,2663,false,2025-12-20,4048516004030659,Banco C
1edbc138-1714-4a6a-a97e-268ae2d3bc8a,Débito,3115,false,2026-04-06,4715166261360633,Banco C
ad2c5d2f-0130-4c1c-a25c-b1145c8fa9bd,Débito,1782,true,2027-04-01,4505274703675592,Banco B
2c3a0ba9-8c1f-4563-8d66-6c4c52ce09f1,Débito,3627,true,2025-06-06,4986305046054602,Banco C
05d9556c-9863-460d-8c45-d59dad5bcd38,Crédito,6267,false,2027-09-15,4822256589116809,Banco A
26ff7823-fe2d-4eb4-844e-d7516e381af6,Débito,7194,false,2025-04-21,4641931179294585,Banco A
b50ba723-3f79-403f-b1ba-74d78cb2954b,Crédito,6091,false,2027-01-02,4974756848075120,Banco B
33c1bd72-f440-47f4-a4f6-2eb41f13e613,Débito,1999,true,2026-11-14,4895708237893319,Banco B
bdd17f97-af02-4358-a486-bfb9977b5297,Crédito,8676,false,2027-02-20,4697154922270339,Banco A
ccece8a8-0cba-458f-a333-1bc1df7ae938,Crédito,3507,true,2025-10-24,4850513695453210,Banco C
8c9f5d5c-08f9-42ef-b6f1-e19c3635067d,Crédito,7843,false,2025-09-13,4159666802577095,Banco B
d93b1bab-0744-4451-9e0f-74574284ad13,Crédito,3620,false,2025-07-10,4939439683362788,Banco A
cc317d8e-55f0-43cc-a0de-57dca5c4181e,Crédito,4810,true,2028-02-26,4021474734573420,Banco C
dab605c8-782d-4df1-bf1f-823dcdbaf05e,Débito,6488,false,2027-03-18,4454240124456608,Banco A
95116bd0-17c6-43ad-8e96-6c86c5514293,Crédito,2603,true,2026-08-18,4339870443072063,Banco B
74468e39-bcd3-47fd-a7d2-c50d147b4b27,Crédito,5252,true,2026-06-25,4242490273098185,Banco B
24957202-f7d1-44ae-8b80-cf8f5f3b3e0b,Crédito,9887,false,2026-10-08,4832022426153712,Banco C
4ed99b3b-245d-4db4-9441-613e75cb1858,Crédito,1207,true,2025-04-20,4972098397950693,Banco C
1439d21e-0434-47b6-a965-da8a1f9df837,Débito,9403,false,2028-02-04,4629561576744013,Banco A
400f8e38-0621-4f85-9219-0ad2bcc1569b,Débito,8848,false,2027-10-07,4448082037137164,Banco B
cfbedbc7-dfb6-40d3-b342-b1323af10fbf,Crédito,8069,false,2027-05-15,4958970840621044,Banco B
8057e893-0a41-430d-b452-97ced1d7633c,Débito,9382,true,2026-07-18,4662163387200804,Banco A
8af0009b-78c0-48d5-84e5-5909ab030d18,Crédito,6375,true,2026-05-01,4011504866507180,Banco C
69ecfa5c-6f70-4f4c-84e0-c26ee5a4d305,Débito,2700,false,2026-08-07,4875062630345218,Banco B
cdf73937-0d81-4f5e-87bf-e1a84f3957e3,Crédito,9195,false,2026-04-20,4101674703079946,Banco C
ee99531f-8e64-4c42-8319-2ccc157eb459,Crédito,5409,false,2025-05-08,4558306172423036,Banco C
4033fdba-5cb6-4d02-a483-4b2054987fbd,Débito,4922,false,2028-01-08,4064501425054951,Banco A
81db3383-59f5-4760-9cbe-daf3b6a2ebbe,Débito,7907,false,2025-07-08,4804147826781835,Banco B
da050124-06f0-4889-81ce-4caee4213291,Débito,7555,false,2027-05-20,4545461532066547,Banco A
989f0835-f26c-400f-b163-9ea0e10f0393,Crédito,8518,true,2027-06-20,4835128103041717,Banco C
51a9d756-db38-488c-9603-a3d86c275331,Débito,9016,true,2027-03-24,4354400271032546,Banco B
f8e47a50-b5ea-40a4-8bff-92f99b01c7ca,Crédito,5204,true,2027-11-20,4996171528818868,Banco B
de4ae450-7928-4558-abb2-1be99490122d,Débito,6149,true,2027-10-19,4741609499797433,Banco C
1fb33eef-86be-4165-8f3b-72604c5584f8,Crédito,7968,false,2027-05-11,4369156713059126,Banco A
490cb081-1093-4fff-8166-ba738c15fb0a,Crédito,9797,false,2026-04-12,4636675158582041,Banco A
5ff0f2f5-581c-4bc0-b8df-8a30f070ad45,Crédito,5145,false,2025-10-27,4509779435081808,Banco B
e2ddccb4-cdf0-4bfd-869e-a10296a807f5,Crédito,2721,true,2027-11-05,4894466601145414,Banco C
470266e6-4a9f-4c33-ac87-805f430246e9,Crédito,4720,true,2026-12-02,4732053579022244,Banco C
f17d6644-0d70-408a-8d6c-25d5ddb1f408,Crédito,1040,true,2025-04-05,4571736129995126,Banco A
ca1e4eb6-c84e-45bc-8a6d-447ebd873e9a,Débito,4177,true,2026-01-29,4328770454841325,Banco B
632fb5bc-e747-4e73-bc3b-d48bcf7faafb,Débito,1868,false,2027-01-07,4085101232292151,Banco B
2bfc250d-ab38-436e-8cfb-58348934793b,Crédito,5017,false,2026-07-18,4467382538242003,Banco A
aaf19c34-ed46-40d9-bf37-99ad8aa8cb08,Crédito,6165,true,2027-09-12,4101625501764166,Banco A
18697c6d-a6c4-45e5-a5b8-3f4206c338a7,Débito,9888,false,2027-09-13,4868896537369123,Banco B
64256845-5b65-4e55-992c-bef5d5fef6d6,Débito,6180,false,2027-04-03,4191615126922803,Banco A
28ddab66-b6dd-44e4-b24e-2999839f6c5e,Débito,6623,true,2025-10-22,4911765153143676,Banco A
a0f7599e-cc99-4732-a5ee-1fc2b537c455,Débito,4969,true,2027-04-23,4863253482275036,Banco B
de82fecf-e6bc-4d7c-aed2-473bc629e659,Crédito,8167,false,2027-02-03,4952374608968058,Banco A
d8ad273d-c3b4-46d3-b44b-68ebcb4b5cf0,Crédito,1224,false,2027-01-23,4789598583346900,Banco A
8b88524a-4732-4988-a712-9329b3b7d824,Crédito,3771,false,2026-11-13,4036926937777710,Banco B
5a1f9b01-0597-4b0b-964a-872d44345e16,Débito,8626,false,2027-11-20,4953869393783872,Banco C
9667ce06-dbf5-47d4-a241-a75a9ae0e9b5,Crédito,3295,false,2025-08-11,4388056864842962,Banco A
fb9a538f-bdda-48e5-9f2a-c63a97fdb005,Crédito,1064,false,2026-11-30,4035664378463005,Banco C
7fce18ba-cd75-4c92-90dd-2d1b7d69704f,Débito,1482,false,2025-05-17,4613695987569945,Banco B
8c2a2209-30e2-40f8-bfaa-da2ae19a7d67,Débito,3213,false,2025-08-29,4047702845590643,Banco B
ac4850cf-f9d6-4083-af3e-9244be234101,Débito,8040,true,2025-08-27,4249037910221346,Banco C
14c2aa07-a13f-47ef-b4c8-677fed2059ee,Crédito,1707,false,2027-04-03,4496879940395132,Banco C
6c2e1b67-a0aa-4da6-8ae8-11a01e46e58a,Débito,3256,true,2026-03-27,4464565947251258,Banco B
61669d36-374a-4722-9188-a566fbcb1b16,Débito,8803,true,2026-09-03,4248535187913034,Banco B
8b0f7aae-b57b-4543-877f-d6ad0ed48890,Débito,2142,true,2025-06-03,4797850687621590,Banco B
25449e6f-313b-47f9-852e-7906da77996a,Débito,6827,true,2028-02-15,4493317671504869,Banco B
982febc3-2c6a-4ef1-84fe-307b195af6e1,Débito,4051,true,2026-11-03,4664744684295649,Banco B
7f8fa8f4-c2e4-4734-b61d-0c3dc65ae306,Crédito,2022,false,2025-07-18,4315678109251062,Banco B
a6f1d685-dce2-47f9-99ea-8bf00a9ea4c7,Débito,9076,false,2026-05-02,4157806807412248,Banco A
25a00623-208d-4ae0-8ae2-af8e0a25f364,Débito,7540,true,2027-02-12,4838572510318031,Banco B
01378e0a-8139-4cf7-82c9-8992a1d00403,Crédito,2342,true,2025-12-22,4262312947603794,Banco C
df45c263-571c-4dab-9820-de4a4312333b,Crédito,3175,true,2027-01-12,4397951696686627,Banco C
b302a276-4954-403e-878d-218980a3d83b,Débito,2671,true,2025-08-08,4618050115566320,Banco B
1b8bd3ea-175c-4511-9989-0e10c6fe2e33,Débito,7676,true,2027-12-23,4582770797656495,Banco C
4b42e2bb-9a50-4c9e-a240-c5f189ca62da,Crédito,2759,false,2025-10-01,4675032797190345,Banco C
4fbb4d72-89c9-4cfd-88b4-d955f4036cc5,Crédito,5521,false,2026-12-14,4578318470000920,Banco C
dbf7010e-8d2d-4337-9fe9-e5b5b2c5a4eb,Débito,2453,false,2027-04-17,4585155831861984,Banco B
fc7bf3eb-cd4e-4aea-800e-b58cc34585b7,Crédito,8502,false,2027-02-16,4110085426883105,Banco A
a9599957-da76-4f6a-b190-299281207c6b,Débito,1770,false,2027-04-15,4914178507739546,Banco A
1990cf6a-b586-4bcb-aad4-222d0eabf993,Débito,6110,false,2027-04-23,4306164968629382,Banco B
cf1d7b72-1bad-4bcf-a2b9-02aa561a461f,Débito,5948,false,2026-08-18,4937104476278857,Banco A
89644f3e-bafc-459a-a7a7-c959366dbbc0,Débito,2358,true,2025-05-17,4323276736311240,Banco A
c67feb43-7596-4c70-9966-eef754b2a701,Crédito,6577,true,2027-08-21,4045415872900015,Banco C
c7dfc0d7-8d5e-45d2-9e14-a19b9b04b215,Crédito,3686,true,2026-08-11,4338799087185652,Banco B
8e178929-8c64-4bed-8d97-0c73df924732,Débito,3975,true,2026-06-05,4809567516105993,Banco B
c2b1e9b9-de4e-483f-9c92-96e22bf9a1d1,Crédito,1862,false,2026-10-31,4470242036762687,Banco B
4e6d563f-971a-4c7e-aa66-6e39b3f671dd,Débito,6773,false,2027-08-03,4413747190080034,Banco B
d8313539-5003-4124-ab38-3f8fca4473c2,Débito,2547,false,2027-12-29,4403165340138067,Banco A
9f95b8fa-9549-4e32-b86c-75254465b906,Crédito,6497,false,2025-09-13,4203322526607394,Banco A
e198ed2a-52ad-4b6a-b1a3-aef1ea92df0d,Débito,3265,true,2026-04-28,4511261712218489,Banco B
6ef40201-cf03-4fcd-be79-76ae4d4916d5,Crédito,9561,false,2027-09-23,4113083631047469,Banco A
ce9e8abb-c504-4030-b9b5-b403305a2116,Débito,5589,true,2026-01-18,4586537188289482,Banco C
93767038-f2b5-42db-9953-d071dac1de22,Crédito,7561,true,2027-06-23,4208178438446229,Banco A
3aca6cbe-773c-4d99-af06-f9246f363541,Crédito,1488,true,2027-11-19,4349352005090798,Banco B
7cd47cc0-c3ff-4e5c-a1b4-42c599f37f7d,Crédito,8618,false,2027-10-29,4658778191028973,Banco B
573dc6c8-bd81-449b-a4d8-294181e04588,Crédito,6329,false,2027-10-15,4860284241029485,Banco C
1a5c871f-3648-43b6-885f-47cf8bc7ec87,Débito,6613,true,2027-11-22,4167518681969793,Banco C
53ea70aa-9378-4baf-8889-e5e8f0a6432a,Débito,8323,false,2027-01-27,4260376961978169,Banco C
7c403843-6150-4fc0-a7ae-1a4916edd7c2,Débito,4956,true,2025-12-01,4536772485224937,Banco C
1d7d2003-a870-4572-a494-9f148a6f0914,Crédito,6288,false,2026-12-14,4392681257168021,Banco B
c7c05cf5-cf9e-439e-b420-5f4dc2c19b16,Crédito,5794,false,2027-03-16,4602880663112927,Banco B
a430cd7a-645a-440f-b016-20f96eccca71,Débito,9999,true,2025-10-29,4667028861405910,Banco C
11bc89d4-7231-409b-8730-8301577a4b5c,Crédito,9147,false,2026-08-20,4613829166844768,Banco C
3ee76242-660c-4581-a09b-7f5026a02386,Crédito,8141,true,2028-02-09,4766008617052348,Banco B
61aad758-4601-4f70-9784-77eada9b3d1d,Débito,7343,true,2025-05-05,4070381583383691,Banco C
9a73b447-db79-4fd7-a34b-8ab067870907,Débito,7958,false,2025-05-14,4046416316058583,Banco A
3e3efecb-8d41-4869-b563-dca6e8f86c15,Crédito,7404,true,2028-02-11,4315812989254768,Banco C
639b3447-a5fd-450c-94d6-f8340842bfac,Débito,7946,false,2027-01-03,4991541446358369,Banco C
9874dc11-482f-412b-ab41-254a862176ee,Crédito,8459,true,2026-05-11,4920255863640868,Banco B
c79c38eb-d6fb-42a8-b76e-fd1432a1195e,Crédito,2033,true,2027-09-04,4797798607583830,Banco B
4f1ef948-ea29-4f43-beaf-9d8dc35b2c2a,Débito,7491,false,2027-03-07,4162515539181837,Banco A
fa453896-799a-490f-ac4d-312a78489dd9,Débito,9386,true,2027-02-11,4833576341259648,Banco A
0a09d2a2-2a21-4da5-8625-fb1db410ed4d,Débito,8557,false,2027-09-07,4125617961737722,Banco A
39cc596c-de04-40ce-8549-04d7f341030e,Crédito,6918,false,2026-12-25,4010354644002626,Banco A
41266b53-4b63-4f7d-a876-5c612ed85723,Débito,1369,true,2025-11-29,4245212282899619,Banco C
ba73254c-b851-4247-abed-b74dbaae3f5e,Crédito,7941,true,2026-01-22,4961946321507589,Banco B
fb5f4bdf-c753-4816-8b87-63e26a044f39,Crédito,7247,true,2026-05-29,4046236112580159,Banco C
44f932af-7cf8-4f3f-8b10-fde3516dbee2,Débito,3012,false,2028-01-24,4280076502474806,Banco A
9a3fe7ba-b20b-4966-9c8b-781cf8041479,Crédito,4928,false,2027-07-06,4568399923319181,Banco B
58ab5654-e18a-42a8-b633-2b433e872d45,Débito,5206,false,2026-12-09,4361335266209019,Banco A
8a956f06-51ad-4371-9ba0-9d0e1b20ed6b,Débito,3001,false,2026-01-22,4826942221376394,Banco B
32b03f1c-d540-4f90-8d79-113277fcce8a,Débito,9624,false,2026-06-17,4356476662924744,Banco A
48756892-3bd9-4ad6-adcf-dd4df3ddf555,Débito,8583,true,2027-03-08,4578984839537996,Banco A
3350ae32-e934-4a90-91db-bfe8d6c03b55,Crédito,2593,true,2026-12-01,4065898380206148,Banco B
e0f56010-ba34-4f0c-a566-79518a99b3ce,Crédito,7610,true,2026-11-10,4842290470241834,Banco C
a7446c88-710a-44b1-a658-9a2b56cc2d68,Crédito,5699,false,2025-05-03,4906463764406761,Banco A
c92b4198-743f-475a-9548-76c73680d380,Crédito,1728,true,2027-12-06,4000608997671281,Banco B
74d080fd-455c-4a58-86c2-457113a43396,Débito,4284,true,2025-10-30,4426487288996486,Banco A
070b7548-d3a4-4313-b88d-02aff44a37de,Débito,1261,true,2025-10-30,4781138273625902,Banco A
ea9bcb1f-ec60-4cdb-b249-9ca4db761a86,Crédito,1904,false,2025-08-03,4499276876682740,Banco C
cdf96072-b584-469d-b4be-846ca6cda93b,Crédito,3860,false,2028-01-08,4525683160401471,Banco C
ffd2343e-d794-4c5b-a0c9-c3382f076326,Débito,6875,true,2027-04-28,4978184155253188,Banco B
e03f582f-fb7f-43f6-b394-6d3870c9e808,Crédito,1030,false,2025-12-31,4922624011844788,Banco B
12913bde-54de-48fa-86b3-1e828226efaf,Débito,4456,true,2028-02-22,4682678933382041,Banco C
178c1068-2b73-4099-b6fe-9d51d53ea930,Crédito,5296,true,2026-08-06,4405118015467152,Banco A
232771c0-5008-4857-b7c7-28538a61c1a2,Crédito,2134,true,2026-11-07,4939958852551972,Banco B
6c0bc8ca-739d-41e3-9072-49a3616c1719,Débito,2445,true,2027-09-27,4974226053932172,Banco C
470af91f-6fb9-4721-812d-5cd38abcf334,Crédito,5742,true,2025-09-22,4405252542232941,Banco B
78607b5a-d1a9-459f-aa66-621797423ff7,Crédito,4249,true,2026-07-19,4241122881365857,Banco A
64ee6ca3-d72e-4577-8e4d-a3a158691493,Crédito,6099,false,2026-02-28,4190171521531710,Banco C
2608ea3e-1b0b-40c5-895b-33b5d4c6fc82,Crédito,4631,true,2026-08-19,4775849977953307,Banco B
689b0dda-a2b6-487d-9044-a6f7669f6ae5,Débito,7228,true,2026-04-26,4308492238270939,Banco B
3ee4f036-3cfe-4082-83e9-20c749f0d37b,Débito,4503,true,2027-01-17,4632644340986809,Banco B
6169a3ab-715b-42ee-ac8c-e41f456d5dfe,Crédito,2343,false,2028-01-19,4212727465546451,Banco A
892f3e23-1b84-48ab-923f-b80e7c8be3d6,Crédito,6260,false,2026-03-17,4619966134196394,Banco B
fa39f9c8-79eb-478d-bbfa-f60786f7702f,Crédito,6765,true,2027-08-04,4317727505483232,Banco A
bf93f29a-2a7e-468e-b42c-96d6ed4b12ee,Crédito,6277,false,2025-04-02,4268133659585438,Banco C
05569cd9-b09e-4c96-8036-bfc7b38fbf77,Crédito,6588,true,2027-08-11,4534961767983395,Banco B
c76dce55-a50c-4dff-8af4-d35ed009e61d,Débito,8287,true,2026-11-12,4910805999930424,Banco A
d16b59dc-a0f0-4632-8653-39c33d1a793e,Débito,2172,false,2027-06-01,4123208141935526,Banco C
76214f0c-9f4e-42fc-bacd-8c59808cab0e,Crédito,4551,true,2027-03-18,4010207600026817,Banco A
a61e80b7-c8aa-405c-9d35-5c9035b5c643,Débito,2201,false,2026-10-24,4761031101631264,Banco C
27c1675d-a7d5-43c6-b3cd-b26c4b4cb5dc,Débito,9014,true,2025-09-12,4287616302139214,Banco A
e806a2ec-b52f-4f7d-a5e1-6332e0425fa3,Crédito,3285,true,2026-03-17,4594384812288484,Banco B
0313d703-7d99-468e-8b21-4ff0704d608e,Débito,1281,true,2027-05-11,4163654310558399,Banco A
9b0fdee8-c12e-4b46-b00b-012df5b37d06,Débito,9897,false,2025-07-20,4554129066230666,Banco C
53332a26-6065-41ca-bdbb-cc0a3b4cd4d5,Crédito,6851,true,2027-08-06,4401729692467907,Banco C
d488fa2a-800d-4a5a-8b38-9ffdfcbb3130,Crédito,9346,false,2025-09-21,4398491103555368,Banco B
bd1ad030-bf6c-464c-8881-796a5814843a,Débito,6211,false,2026-09-16,4577083096538213,Banco B
6f0db149-3f9c-4a68-8417-ad41b3c30087,Crédito,9126,false,2025-08-03,4136832914159216,Banco B
ae9029e5-24a3-4aac-9f1b-18342feb6d79,Débito,1715,false,2026-09-26,4518339279815325,Banco A
1441536c-76b6-4233-b1ba-513c0930fcf3,Crédito,1992,false,2026-11-14,4056772280040419,Banco A
2f8ca5f0-80ca-4f57-9f0f-c4c50700589a,Débito,1461,false,2026-10-21,4204681551160878,Banco A
b52febd7-8706-47f4-85bd-505c1c3ea125,Débito,9206,true,2025-07-15,4033137375014874,Banco C
99c4c813-bf16-4a0f-96e5-5dbb56fc7d85,Crédito,4274,true,2026-10-11,4844577955851409,Banco B
c2513459-9c32-4690-8bba-2b9c5842f99f,Crédito,2688,true,2026-09-18,4870094397896824,Banco B
f97494ff-0a53-4798-b24b-88bab31eee87,Crédito,9922,true,2026-02-06,4314364146797223,Banco B
05f4f551-ccbf-41ce-a22c-4a6607d089ea,Crédito,2501,true,2027-04-02,4646778914602546,Banco A
6899d207-e081-475e-ab69-6d20a2dbb4a5,Débito,7846,true,2028-02-12,4862298333395727,Banco C
d16bb1c3-88b5-4c21-b83f-6edc8ef1c234,Crédito,9858,true,2027-10-02,4610854108185155,Banco B
8072ac4c-1322-4bb3-bad6-aabdb0428a04,Débito,5130,true,2026-01-02,4634836885511122,Banco A
86bc1db4-4095-4827-876c-9d3c67c5320f,Crédito,2406,true,2027-03-09,4526551455479930,Banco B
07d89623-dc39-46f3-9c7e-bdf864f8b885,Débito,9386,true,2025-04-09,4875344926247819,Banco A
de662a46-1662-422c-95ff-405adb91b1fd,Crédito,1653,false,2025-07-05,4354585731022518,Banco C
dc454b96-261a-4cde-a5e0-097977e35d3a,Débito,6559,true,2026-12-15,4459335918022686,Banco B
5c4689a0-f45a-405a-b016-4080108babaf,Débito,9217,false,2026-02-03,4771968265704309,Banco C
dfa14fef-aace-44ce-928f-8d7704060b4d,Crédito,7057,true,2026-01-06,4675544403791795,Banco C
a9c1c479-25b0-48b0-a8e4-dee3d7005ac4,Crédito,4227,true,2025-07-13,4122883217364902,Banco C
9b00c120-89a2-467b-a923-1b405e4142bb,Crédito,1329,false,2025-09-03,4878470335988263,Banco B
2bb9ccc2-f2a0-4478-afcd-4bf7b2f556c7,Crédito,1898,false,2025-05-30,4132827166504671,Banco B
feb8c612-bcdd-467c-a73b-3a2fe579c92d,Crédito,4253,false,2027-07-10,4861069600557839,Banco B
3e9a2853-86f1-4767-8a4b-e3c4643c9432,Débito,8078,true,2027-11-26,4354452538521852,Banco C
cdbcb602-5a72-4a74-9647-c7a454644ccb,Crédito,9443,true,2026-11-20,4670638427472934,Banco A
ae04bab5-dc42-4676-8564-a83a39b5e2fb,Crédito,8262,true,2026-10-12,4977563981738718,Banco A
2c8544ce-b644-4c02-b3dd-53c58c38ee36,Crédito,8655,true,2026-07-11,4325530949020904,Banco C
c6fbdc53-e700-41e1-9fc4-f57f981602e2,Crédito,2880,false,2026-12-02,4388336899101404,Banco B
0183cbc7-52d1-4ddd-b029-d512f5ca9712,Crédito,9529,true,2025-10-05,4507737124041975,Banco B
aa31519d-d5c5-4896-aa98-af637b9ee323,Débito,5367,false,2027-05-16,4228815540297466,Banco B
a5de4a42-01b8-444e-b6f3-b2269a7ccfee,Crédito,3621,true,2027-08-23,4200408443784551,Banco B
7cfbc27f-a7e5-40a6-a861-c7aefe6736f7,Crédito,7551,true,2026-07-26,4022430976328256,Banco B
a683d05a-8c42-4127-a8da-be619585a49a,Crédito,6964,false,2026-03-21,4167519438363248,Banco C
d0465dd1-9a3b-43da-a7d4-f102b8ae1ceb,Crédito,6240,false,2027-04-06,4853085278451530,Banco C
2ce20e38-2e3d-46a2-b8c8-df6f1cb52e7c,Débito,7244,true,2027-01-18,4520481701042632,Banco C
acb785a7-a454-4b4b-b3f6-379789656003,Débito,1507,true,2026-10-24,4549733912711982,Banco C
4f3a3528-dc32-405f-a51f-af324e7a5a90,Débito,6153,true,2027-12-07,4749013432068161,Banco C
20453fdd-5e93-49d7-b80f-8a3c025f66b5,Crédito,8512,true,2025-10-08,4874344708879439,Banco A
5401cb8e-24c6-4885-a38b-fd5183834404,Débito,7605,false,2026-04-09,4948255224145642,Banco B
952ad01a-1374-4f24-8770-9779add71e6f,Crédito,2755,false,2028-01-24,4661317722804962,Banco B
a775f1e4-caf9-4a00-ae73-72a750a01105,Crédito,6022,false,2026-01-25,4124674857731285,Banco C
6185d1fa-4b01-41c4-a833-6400a0f2622f,Crédito,9198,true,2026-06-04,4456740906375928,Banco A
24d74458-e2f3-416f-b02b-4d56e4fdc265,Crédito,7921,false,2026-12-25,4576498544068704,Banco A
27768e7b-2e58-4743-9ab0-27ee282c06a1,Débito,6623,true,2027-03-02,4463894971171032,Banco B
2eed8629-4bc5-4294-ab49-d03fa556b69f,Crédito,7972,true,2027-02-21,4357925530560755,Banco B
e798d9f7-f54d-4a77-b746-293f4ea0f59b,Débito,9698,true,2026-06-10,4853246662051692,Banco A
4532f9f3-a295-4670-aa08-147df1ba8e79,Débito,1996,true,2026-08-26,4795625225542691,Banco B
a8737188-8ad7-42b7-b31d-84d67404728a,Débito,7858,true,2026-12-13,4375359387773272,Banco A
cc10f46d-f471-4bff-b7e0-6eb4fa9b6ee0,Crédito,4844,true,2027-08-14,4470977496386522,Banco A
b1771f34-3c41-45f1-b4af-ceea25f70312,Débito,5673,false,2025-08-30,4153802684272590,Banco A
f58e536f-0d86-44f7-914e-445146e68ef9,Crédito,8785,true,2025-06-15,4883600499143143,Banco A
9c99ef72-ac72-4dce-8316-2e2348b5cb0a,Crédito,8004,false,2027-04-21,4302900330160278,Banco C
1d5c74b8-1d76-474d-b540-2f7b4a2f9af4,Crédito,5153,false,2026-06-15,4980901320201389,Banco A
5d95ee24-d1a4-4f16-9813-645478e9c15f,Débito,4848,false,2027-10-18,4732459814365853,Banco B
91478d4d-8966-42c9-b454-7aa267d9b5a0,Débito,7379,true,2026-01-21,4641837967369725,Banco B
b5edf9a3-dcbd-4327-be95-bc8e4841da30,Débito,9910,true,2027-03-06,4296678612470853,Banco A
6aad95fd-87d5-4f44-8d3d-98826add0595,Crédito,4742,false,2028-02-29,4018817153322254,Banco B
1d1a66d8-a28f-4891-8753-6918bb365dab,Crédito,9679,false,2027-11-21,4879242801573879,Banco B
011ee4a8-e6ff-4c74-bb3d-35de8400f8c5,Crédito,9236,false,2027-08-07,4836279417733733,Banco B
75f332be-3b90-4315-bd2d-9e84b870b389,Crédito,4122,false,2026-04-23,4586796536096528,Banco B
204145e0-8dc6-418f-ac91-887ff8e15c7c,Crédito,5780,false,2028-02-06,4027180291768380,Banco C
b36d2867-2b68-4be1-9bc8-3621a9100b55,Débito,3748,true,2027-06-30,4131075640414979,Banco B
24c8b3d7-b9d7-4f5e-b0de-10a2e15bbdeb,Crédito,7436,false,2025-08-01,4358140832989113,Banco A
e824c577-3d33-42ee-86cf-b8cd9ae75875,Débito,6610,false,2027-03-20,4692264443397166,Banco A
dfb36783-bd24-4d33-b4b8-4e56c44b3ced,Débito,3101,false,2025-10-29,4239431513877330,Banco C
ffe44c0f-d0aa-4355-8486-faa2022d96db,Débito,4424,true,2027-12-14,4025697746789748,Banco B
48f00e95-d492-4821-b7e1-1ef0f6ba0d80,Débito,1169,true,2027-11-02,4607163250890567,Banco C
a273be88-44b9-4377-a899-921f47fd9a88,Débito,3613,true,2027-12-13,4136333488504031,Banco A
f8040690-d7db-4452-82ec-5de84d2a74d3,Crédito,7148,true,2025-10-08,4331148775829977,Banco A
0d48706f-ad8e-484e-b08a-a81fdc06339d,Crédito,2892,true,2027-01-31,4050363728708818,Banco C
a786a490-2925-458b-a920-c5b0be587989,Crédito,4476,true,2025-12-29,4471536705749161,Banco C
cf7b1526-d586-48c8-809a-72417d72e59e,Débito,2946,false,2026-01-02,4294363135726681,Banco C
1789fc2a-e694-40ca-af1e-af236f03fd82,Crédito,4921,false,2025-08-24,4983831213246029,Banco C
3ba33d79-509a-4d19-9f28-bc892ddc0d98,Débito,9112,false,2025-11-18,4928535882678991,Banco C
1da828ee-915b-4c26-9077-66943fbad829,Débito,9794,true,2027-10-03,4984855068041977,Banco B
a26afa40-4c30-40d5-bc91-d203496cb389,Crédito,7105,false,2025-07-09,4924783700693764,Banco A
3a4fc784-f0e7-4b7d-93db-b51485cc0863,Débito,8846,false,2027-11-11,4379030628080530,Banco B
24b235fa-5000-4208-8a6b-284416999e5d,Crédito,3018,true,2025-11-09,4234576743958361,Banco A
eb6a44ec-e9ad-4b4f-86fb-3b54f595adef,Débito,2250,false,2027-05-05,4270555900332154,Banco C
0d06df80-069e-42cb-a7c2-a3b31fdba0c9,Débito,3208,true,2027-01-03,4670032522588169,Banco A
1b797295-c953-4633-acf8-6a0ed8100905,Débito,9953,true,2026-10-28,4368774901908730,Banco C
8214179b-ca8d-4769-a6bc-15577cc7b2ba,Crédito,5375,true,2025-03-31,4538314928683394,Banco B
1f6038a2-e56b-4bce-aa59-67d0f72ab5f8,Débito,5030,true,2027-05-30,4833899070752574,Banco A
42612e4d-4e69-42e2-acfc-0ab802f7b6b9,Débito,1611,false,2027-06-29,4412704081876923,Banco C
78e9b1b2-f8a2-4d0c-ab28-2846f92fca7b,Crédito,6918,true,2027-02-16,4742029741196863,Banco B
d2bb345c-a605-43f1-afe1-ad8e0a8c7063,Débito,5630,false,2025-04-23,4990096244614383,Banco A
f037a998-5a17-41f5-a721-b041db8727a8,Débito,2950,false,2026-07-13,4171298132785097,Banco B
bf9f809c-1b4c-4d92-bbd5-609f212f227d,Débito,9960,false,2025-03-31,4916863207824245,Banco C
ce2487cc-ffa7-411e-89d1-2ea7b1508338,Débito,7917,false,2026-04-28,4564229038754937,Banco A
b9993799-9067-4553-a274-4221e8816642,Crédito,2198,false,2025-04-11,4899123054784259,Banco C
c2d2697f-d120-4731-aa57-9c972f79beb7,Débito,2833,true,2027-09-19,4012364785857255,Banco C
d6a09d6e-5f62-4917-ac06-c646dee96ae3,Débito,5053,true,2026-04-17,4302309718677534,Banco C
d371c842-bc35-4414-b9cf-db4b18f8a62f,Débito,4867,true,2027-03-13,4642886407225256,Banco A
6e7bbf20-2b56-432d-81a2-894a6b18be27,Crédito,7156,false,2026-03-12,4478336983756368,Banco B
b0e4cef4-f9fb-4778-b9a3-3b250849f3ed,Débito,6119,false,2027-10-15,4267099229738234,Banco C
38485407-7ac1-4392-a531-6df0ed0467a7,Crédito,4443,true,2028-02-02,4846661579384755,Banco A
0d44c809-e43e-42e8-b268-b0b8203f668f,Crédito,5939,false,2027-03-27,4865669923545777,Banco B
4fd8ab2f-dadc-4388-be6f-e95ea341ccbf,Crédito,6999,true,2027-08-14,4038011881124073,Banco B
b7220ba1-714c-4750-ac4e-6b9c99d41c34,Crédito,9722,true,2026-11-16,4072434585639672,Banco A
1750ac28-5644-46fd-a96e-1cd215efca2b,Crédito,5541,true,2027-11-16,4753606259962382,Banco C
0360b6bb-2e9d-4f06-9600-0c10b44759a8,Crédito,7180,false,2026-05-31,4315880816981672,Banco C
56e34626-78b7-4e03-9818-bb06ca787a58,Débito,8620,false,2026-10-22,4160682812998322,Banco B
d0f50ec0-9326-4c2b-a07a-a70fb03016b3,Débito,8095,false,2027-07-31,4341800199827150,Banco C
ac63b460-6e4d-4082-a544-31bf0000da66,Débito,1091,true,2027-01-10,4992153401481045,Banco A
952e8873-c252-4076-b53e-b5c2fad5c7e3,Crédito,8085,true,2027-07-11,4910096749200816,Banco C
f94a2a81-19f6-4cfc-9952-edd3632ba3e6,Crédito,1505,true,2027-09-16,4545201610520606,Banco C
3ae73d71-c25f-4895-b842-c2c9aefffe00,Crédito,2648,true,2027-10-08,4589412266125629,Banco B
b4d50874-f03c-4bc4-8727-17d6565d3b5b,Débito,8888,true,2026-02-05,4714932418516976,Banco C
be631d8f-4b4b-45d8-a1fc-1222a316b9d3,Débito,2978,false,2027-09-13,4506576029579554,Banco A
c50dbe03-3fce-4cb4-8791-eb7ecdb1ca1f,Crédito,3601,false,2027-06-08,4769900866019579,Banco A
7647d6e9-bda6-4f05-81bb-925cf96fa29f,Débito,7444,true,2026-02-11,4192229143506480,Banco C
a6b1c76e-ee32-44a5-8a16-eaf73d0826ae,Crédito,3386,false,2026-12-07,4534465272072095,Banco C
2fea2de6-c35c-4957-a84a-fb8167131e29,Débito,7702,true,2027-05-09,4574345052888286,Banco C
155b8a0d-6c16-4071-a508-8465a3742f0d,Débito,3629,true,2027-01-04,4313832513552227,Banco B
648e9c49-cba3-4111-b294-0f3b5713afe6,Crédito,5899,false,2027-10-18,4510954736250408,Banco B
8d7475f9-b531-48dd-9ed5-29faf420ed29,Crédito,9879,true,2026-07-26,4030978252017005,Banco C
0219b6e5-9b39-489e-a538-37f4586ee640,Crédito,1778,false,2026-12-17,4905685566995894,Banco C
16329482-35b2-471b-891d-94dbbebf2b16,Débito,6899,false,2027-12-20,4174532819543343,Banco B
763caa8d-a63f-4f8f-97c3-83035edaea70,Crédito,1252,false,2026-02-28,4997701560761008,Banco C
ba53ff5f-770d-476b-b62a-b6f7d115d162,Débito,5726,true,2027-12-06,4273114051143008,Banco C
e69ebde3-a76c-467a-a1f0-9c5597cbbe71,Débito,4885,false,2025-10-05,4178168418993103,Banco C
471e7307-6a48-49c1-b825-e7321991b975,Crédito,7491,true,2028-02-25,4207961327687086,Banco B
9d4c0b46-a6fb-4407-b65d-1c7c85b0f1f9,Débito,1727,true,2027-10-25,4349246421670344,Banco A
639b96e9-314b-443e-aaf6-dd3260996bd4,Crédito,1643,true,2027-09-28,4056840640248800,Banco B
37cd7f51-d1ef-4b33-a10d-786697abc405,Crédito,2375,true,2028-02-21,4344618958584267,Banco B
72552b7c-1f91-4ef9-9542-74aa9360e4b1,Débito,4218,false,2027-10-04,4367246862501951,Banco A
91559dac-a51a-44df-a02e-d5e91f9fee34,Crédito,7037,false,2025-10-22,4320356233193657,Banco C
b4f1ed57-419d-4813-9ce5-f461f1a08d9f,Débito,8681,false,2027-12-15,4412222576118740,Banco A
9933d328-4c8c-4b11-9610-25d7a4891ad9,Crédito,4337,false,2026-02-07,4559510699269649,Banco C
b5867e15-b45e-4e73-8897-29d081a70479,Crédito,2217,false,2027-02-28,4760107846235868,Banco A
36249317-aa53-400b-a62c-994d48076576,Crédito,1657,false,2026-01-19,4210903664701545,Banco B
7f0ee7c2-a85e-47a5-8426-380287f0adb9,Crédito,1484,true,2028-01-31,4329481252496750,Banco B
efa07df3-198c-4520-af08-5f71799b5681,Crédito,4780,false,2027-07-20,4825181749596764,Banco B
6a74053c-4672-4243-ae0d-dcb636e52ab4,Crédito,9278,true,2026-12-02,4113091071360387,Banco C
309167fb-87eb-4650-8c57-e70828aef099,Crédito,7063,false,2027-10-21,4912114365363466,Banco B
3e82aa59-28ca-4238-91ac-d5c64a594cad,Débito,6904,true,2027-11-22,4656610859855857,Banco C
7320d34b-f2ee-41f2-a601-6481117ab6ac,Crédito,8614,true,2026-06-21,4565357820037911,Banco C
c79e8878-c3f4-4ec6-99cb-b55fd82cc64a,Crédito,1175,true,2027-01-07,4078912281052204,Banco A
fd15094f-5a68-48ec-acc4-2c2361604fee,Crédito,8928,true,2027-12-29,4161193188120460,Banco A
fcdacbba-e038-4a0f-9549-00a146e70ba9,Débito,2448,true,2025-04-16,4978328951834454,Banco C
7cb89334-3e09-4942-a4e8-237b752690c1,Crédito,5659,true,2027-08-04,4664580554489710,Banco A
4bfdeb55-3315-4b98-9de8-e2b24b4b7112,Crédito,8912,false,2028-02-11,4004854244196053,Banco A
483d4ba6-6c22-480b-9d97-9db8563e827d,Crédito,2311,false,2026-11-16,4317118947770368,Banco A
68e48da3-da86-487c-a597-6dc32ce6fa5a,Crédito,4814,false,2027-07-02,4191612405048438,Banco A
45f9f217-5575-4d40-9734-6ce2007883bf,Débito,1620,true,2027-02-16,4919308687405008,Banco B
49cfc539-5e29-42d8-b6ab-f761da94b640,Crédito,6210,true,2026-07-23,4288527794374997,Banco B
3a469bb5-d575-4a85-9a04-07798974e4f5,Crédito,1160,false,2026-01-18,4665518921111640,Banco B
5d28ac16-cf11-4cde-ab8a-3abe0878d1bd,Débito,2494,false,2026-08-07,4803053421462657,Banco C
e02d4b20-0269-443f-9350-e71f6677fba5,Crédito,3772,true,2026-05-22,4416769155885276,Banco C
88e33a8a-7c13-4d29-a633-b6bd0963c789,Débito,5184,false,2026-08-10,4363350447958507,Banco C
98ec73c2-975f-41a5-b9ac-3e95d379df34,Crédito,6215,true,2025-09-25,4325167051394196,Banco A
4f9b40a2-9bbb-4cbe-85b3-8deda43ca80c,Débito,7425,false,2025-07-29,4880267747214793,Banco B
f8b7e8b2-a877-4e32-b92e-feaf79c54752,Crédito,3869,false,2026-08-27,4583965711984333,Banco A
451c2596-7dec-427e-a8fe-440a71701c43,Débito,7417,false,2027-08-03,4923762373452015,Banco C
90a15ed8-04d3-42c5-bccf-40d0ba8d8782,Crédito,5194,true,2026-04-20,4494416740365959,Banco B
9b0de571-4231-430a-b854-b4d905e5be44,Crédito,6427,false,2027-01-11,4815126057001042,Banco C
ad5d9e0d-68b1-4f29-9a89-4a67aa2640a8,Crédito,9777,false,2025-04-06,4022797494727771,Banco C
f0b806e3-08f3-470f-a5fb-7892d00e8d85,Crédito,8732,false,2026-05-25,4032605804753045,Banco B
93f13dec-bb3a-4071-80c7-3c6fa5335401,Débito,7753,true,2027-07-02,4714062910854075,Banco C
cbe36e40-ae93-4169-885a-d9eea6126b73,Crédito,5223,true,2027-01-16,4634527974277707,Banco A
d80bbd0a-ecb1-4a40-9787-766ea574db0f,Crédito,6152,false,2026-07-17,4081224858736597,Banco C
1d226ec4-03a0-4ed9-9546-36bcefd17aa4,Crédito,3771,true,2026-05-05,4340189326768254,Banco C
64a878ee-7733-410b-81be-e230defb76e1,Crédito,2295,false,2025-04-15,4634385153772190,Banco A
ff025e5d-bc03-4353-9bf2-54359e12e66e,Crédito,9338,true,2025-11-07,4321685977405444,Banco A
bd2d03ca-c29b-4bcb-adb0-609bf987cd90,Débito,8307,false,2026-01-30,4749088150680979,Banco A
d8789c97-83b2-4304-a434-ec0e832b6b4e,Débito,5685,false,2026-05-04,4504366429443103,Banco A
9e30c903-ed89-4c7f-a89c-1709fd1de227,Débito,4850,true,2026-10-25,4809876804009994,Banco B
1c10f616-d0a5-43b3-ba68-ec3ec58cb1fe,Crédito,5372,true,2026-05-27,4108576645737895,Banco A
d24c5d1d-bc70-449e-afe3-76e2d0cd4cb0,Crédito,5113,false,2027-09-26,4825229155565407,Banco C
1c3752cc-0bda-4a8f-a248-79faeca6a7bb,Débito,4932,false,2027-05-09,4645522783717914,Banco B
317f6b74-5812-4aaf-9a57-12e24d794c34,Crédito,1093,true,2025-05-22,4256175836073338,Banco B
186241ad-2b65-4edc-b91b-206e1693f2ee,Crédito,6671,false,2026-12-09,4564825769350565,Banco C
df510350-6f93-44eb-b9f0-00aad9fe8161,Crédito,2385,false,2026-07-26,4962186622030691,Banco B
cde2d5c9-a608-4a42-88d8-ce4373d048db,Débito,1375,true,2027-08-08,4490391443262554,Banco B
d2701219-2b7d-41ba-92de-7442c91476c0,Crédito,6202,true,2025-11-21,4674751861619290,Banco C
6d77ba90-240e-46ab-8df6-c8971b934a5e,Crédito,3903,true,2026-02-11,4978151926104874,Banco C
2b64aa1d-f82d-4ed8-a608-de44c4dc3ab6,Crédito,7971,true,2027-11-22,4112708034539621,Banco C
26f3b3e8-5838-46cc-b930-f61a0cb754fc,Crédito,9867,false,2027-09-19,4275684573870204,Banco A
ab2ef678-1ba2-4379-9cce-243e0a69181d,Débito,9714,false,2027-04-22,4780600579693199,Banco C
28fdc58f-6b6d-4985-94f8-c0f264285d6c,Crédito,3540,false,2027-06-14,4677629028030742,Banco B
37917c98-3219-4b24-b729-e1438ce9c85c,Débito,9558,false,2027-12-02,4261855734410290,Banco C
85d3378a-c79a-4087-9127-63f84444ca66,Crédito,3116,true,2025-07-21,4032663316840249,Banco B
e5bebf49-8b96-4161-aa6b-0264731b7177,Débito,1174,true,2027-02-28,4446692611085843,Banco B
787d508b-7aaf-442b-a543-552c5cf13428,Crédito,6549,true,2025-12-13,4435282913692632,Banco B
28adcbb5-17a4-4219-8753-47285e20c4c6,Débito,4635,true,2025-06-17,4376243709264165,Banco C
92f7ec4c-9959-4ca3-ba9e-fd0bfeeccb07,Crédito,8223,true,2027-10-27,4057874267676517,Banco C
d576da94-21ed-4548-a8ba-218a4850fe2b,Débito,6644,true,2027-06-16,4384978579386359,Banco A
a61586a0-890e-4913-aae7-be955070570c,Débito,7778,true,2026-05-14,4742009372920787,Banco B
1adaa793-5ed8-4dfb-8581-62a08a92ffbf,Crédito,6590,false,2027-07-11,4863390644775847,Banco A
68e10668-3a91-4923-b469-c5d299d140ef,Débito,8475,true,2027-06-18,4687067639336831,Banco A
113f4d21-b504-4ca8-97d0-504dc57e040a,Crédito,2049,true,2026-07-01,4309088604121670,Banco B
eb3ec385-790d-4793-b851-75921f64f82c,Crédito,1704,true,2027-07-21,4732280568325462,Banco A
6adf8dda-f2b6-4c2b-ae0c-cc2efade0001,Débito,3432,true,2026-09-06,4461332015577652,Banco C
02fc2d9e-e961-4e85-85fe-5673891f05a3,Crédito,5943,false,2025-11-23,4217884950408413,Banco A
407bcd17-0999-4862-887d-46307ad59a8c,Crédito,6709,true,2025-12-22,4368591917824758,Banco B
b9c87b6e-a933-4652-a71b-ffe14dcb44b4,Débito,7236,false,2027-09-23,4587755506566487,Banco B
97a95e1c-72b2-4f37-b6eb-188be57c6ae8,Crédito,1904,false,2025-06-11,4309296915922954,Banco C
3c721e14-78f7-42f1-86de-6ba82175c985,Débito,1670,false,2026-04-14,4603380037060539,Banco B
35a15933-7621-43d5-ab10-36dbb3e25862,Crédito,7626,true,2027-12-14,4014867110861921,Banco A
87b06413-e397-49d9-8429-98c696e7c63b,Crédito,4163,false,2027-02-23,4007053155609440,Banco B
dda2c73c-dc3d-4b13-9eae-48c9cb6a9bb1,Crédito,3044,false,2027-09-02,4600073023288488,Banco C
14fe3c39-dc46-4deb-8255-1dd334c5db1f,Crédito,3357,true,2027-12-24,4742547754875716,Banco A
4e226b90-2261-4602-bb12-b19306843138,Crédito,3402,true,2026-03-15,4244410951617991,Banco A
e725b3cc-8fbe-441b-af41-691fc1ff43eb,Débito,1423,true,2027-12-25,4432970722832437,Banco C
8dadfff8-549b-4265-acda-75ac357e59a9,Débito,9218,false,2027-12-24,4390438297421598,Banco C
69a19563-7712-4492-871c-6b23f762f010,Débito,5807,false,2027-03-08,4027120070991428,Banco A
3361c5b7-54ae-41e2-a9fa-cba1e0064480,Débito,5322,true,2026-12-02,4132681910468083,Banco A
326c1f5f-e370-4f5c-932a-e78113cf831f,Crédito,4240,false,2028-01-20,4319836118292340,Banco C
feb3e918-7d55-4dbc-8bc6-37aadda1dc6f,Débito,5224,false,2027-10-21,4398448792725734,Banco C
a5de3ecb-ca05-4c04-bc0c-d2336132772e,Crédito,6888,true,2025-11-24,4806716842355030,Banco B
c1fe41b5-7f9b-438a-8d4d-48fa678c8a77,Débito,5669,false,2026-03-05,4349385643851939,Banco B
93bc31cf-6aaa-4746-a30e-00f8fffde8e5,Débito,9746,false,2027-09-17,4166203202537389,Banco B
2be27f62-02f3-45bc-b2e5-fe5aa309a167,Crédito,2662,true,2025-11-13,4970476023143402,Banco A
f3e97821-15c6-482c-ae9a-f7e8083d00fa,Crédito,4636,false,2026-11-02,4165644482623641,Banco C
0977171f-aa02-4ec7-9f8b-aa0112109944,Crédito,8417,true,2027-02-24,4491350100719403,Banco A
f29f63bc-489d-4d92-802e-e6bd0307e651,Crédito,3127,false,2027-08-10,4798155266239551,Banco A
b5dddbe5-eafb-4bea-a0f1-f26bb0adc96f,Débito,6410,true,2027-07-12,4371820873463927,Banco C
67643ef1-8cf1-4aeb-a639-a1d7d6cfe9bd,Débito,8426,false,2026-04-14,4461333523188549,Banco C
49868929-51c7-4ee5-8ed9-796d37665904,Crédito,8631,false,2028-02-15,4745995446215982,Banco A
fe00e694-1f88-448e-9347-65701a7f8558,Débito,5463,true,2026-10-30,4156319978703573,Banco C
4c1968d1-7a59-48ed-a506-f86ec08bd9a1,Débito,5631,false,2026-12-04,4194811324124640,Banco B
6f00299e-ee31-4375-b9be-97f1c81c534e,Crédito,5139,false,2025-11-23,4118294405364657,Banco C
b048b304-00f9-4d04-86a1-731ea4e22580,Crédito,4046,true,2026-03-31,4949332864826664,Banco A
029f66ae-4e72-45d4-abae-b9aafc4b747c,Débito,3165,false,2027-08-28,4134383310922627,Banco B
ec1ad30b-288a-4a86-820d-4012cd9b930d,Débito,3654,false,2026-06-13,4349805596964534,Banco A
c512a0ea-4ece-4462-935b-e2a395651af4,Crédito,6751,true,2027-05-22,4883625321356984,Banco A
ff63e6ce-9284-43b4-a6ef-981abf6924f8,Débito,2660,false,2025-06-09,4762877185883136,Banco C
f30a1ac6-6059-4f30-aaa6-4cb6a355cabb,Crédito,6752,false,2025-09-23,4215715547522836,Banco C
c79efe34-dbe2-4a85-b07e-b984208cc196,Débito,2731,false,2027-07-26,4341388837117926,Banco B
05718d0a-5f07-4e43-a5d0-18c9fd632359,Crédito,5012,true,2026-05-30,4940815661281867,Banco A
d06a2b25-ad8e-4fd9-9469-efd554564c2b,Débito,3478,false,2026-10-01,4256093871241143,Banco A
ce65b9b4-986f-48ca-9958-215876c33b16,Crédito,7147,true,2027-11-07,4809043952637218,Banco C
ad7c95f1-192d-4d3c-8e6b-f81085d2e5d5,Crédito,5385,false,2025-04-29,4636358919528706,Banco C
565e7729-5bb7-47fe-9edc-01a1c3fe27a0,Crédito,2697,true,2026-05-26,4695308329767744,Banco C
7f99cd64-d476-4de0-bf1f-ec0dd926eaa8,Crédito,6755,false,2026-04-12,4189074534255086,Banco C
dc46e806-24af-473b-95e4-1903e4bb958f,Crédito,9283,false,2027-08-14,4498612673304491,Banco B
d1a2823d-aa33-4611-9980-7672d924d882,Débito,7577,true,2028-01-14,4321541115956050,Banco C
d0753ded-5bb0-4780-9ecd-fde414b88dc7,Débito,2715,false,2026-11-18,4113371913198540,Banco A
6c65d19d-1ae8-4a38-ab4b-2dfa1afa2960,Crédito,8022,false,2025-06-26,4368208092808044,Banco A
8accb441-3d36-4f9e-accb-6e8148d32035,Débito,1616,false,2026-08-26,4108578040840217,Banco C
58505bb0-d851-456d-9a3f-66b406538c19,Crédito,1083,true,2025-09-21,4072941106825255,Banco C
b15b98e6-f4ec-421b-b7ac-04f71c08680b,Débito,4145,false,2025-12-09,4578461979783775,Banco C
05822838-d257-4bc3-abab-749f71009ee4,Débito,8809,false,2026-05-13,4578082808401553,Banco A
dfea229d-3311-4f3c-9d0f-8e3c921660a4,Crédito,9425,true,2027-05-17,4377264411384969,Banco B
51481f0d-1afc-460f-a584-59cd0571e033,Crédito,3830,false,2027-01-24,4700519172728544,Banco A
ddb276ad-99bf-41cf-b40d-90f4a712a050,Crédito,6204,true,2026-04-21,4278564618049901,Banco B
155df1cb-d960-4adc-955c-8c07e254d7f8,Débito,2580,true,2025-04-14,4973413929693991,Banco C
8eb8f5dc-1ae8-45d8-8aa9-f112586b99a0,Débito,5468,false,2027-09-01,4648651109281320,Banco C
d5efbaa7-d9dc-4f18-aef6-b9d8f6ce4056,Crédito,6476,true,2027-08-17,4417394666822099,Banco A
efc6082d-9102-4c43-bc30-ca960ed1ad3e,Crédito,5066,false,2026-01-01,4080701605972046,Banco C
c1178297-fdbe-4b68-ad94-11490fb244d7,Crédito,2831,false,2027-04-02,4985116846943581,Banco B
6f627060-c6d0-415c-9436-2dec6968eb3e,Crédito,3270,false,2027-12-17,4771102677583123,Banco A
c9a805f2-7727-4031-ae54-7e2dd09b161b,Débito,7904,true,2026-03-30,4275163595112499,Banco C
b27422e0-5240-4a00-bd7a-486983295fed,Débito,2811,false,2027-06-04,4798597992326739,Banco C
499d5ed1-cf87-4891-94ec-114e08969753,Crédito,7471,true,2026-06-06,4522885781420935,Banco C
40b61fea-a346-4cda-b11b-8532cb640d02,Crédito,7514,false,2027-05-30,4985769877741114,Banco A
845fa17f-8f2a-4c4f-9147-da8681aa99fb,Débito,7723,false,2026-10-03,4300710215277639,Banco A
e3c5ba32-5038-4708-bd0b-1407e3e5d03c,Crédito,7012,true,2025-06-01,4036664453683044,Banco A
59b59695-509d-407b-8c9b-fea9787555bc,Débito,6080,true,2025-03-31,4034409063952963,Banco A
3eb57cf2-e1bc-4ebe-a07a-405bdcc7a594,Crédito,9524,false,2026-07-16,4249562178798661,Banco A
f888df1e-5230-4c0f-8a49-626e8db44199,Crédito,2051,false,2026-02-01,4520797095333340,Banco C
6cc897fd-1e21-47fb-980a-4b0c65ddc294,Débito,9754,false,2026-03-12,4254110280323093,Banco A
cfbdfe68-a17f-4c46-ae28-95e15aad0238,Débito,8859,true,2026-09-09,4571196911783032,Banco B
fb9255f4-6292-4c6b-84a0-c171fab52da0,Crédito,2314,true,2025-12-31,4259310559768528,Banco A
87f61ed2-35ef-4756-9c63-34ca82fc0370,Débito,9597,true,2027-11-30,4717473870332059,Banco A
5e742e68-726f-4c76-80f7-0a14d586fcf9,Débito,1370,false,2027-09-17,4373474765800708,Banco B
f145c010-88cd-4e28-9020-7528bd802c2d,Débito,9500,false,2026-03-22,4435132192441200,Banco B
82b9fe9b-2b5e-4cc4-82c1-97b4f7041322,Crédito,5305,false,2026-08-07,4812710076398117,Banco A
47d0a788-48cc-4085-90c6-1eae6addf6ab,Débito,5984,true,2027-08-19,4904512590031657,Banco A
3d9145f8-fe6d-4cb9-9b3f-909b9b8b4468,Débito,8562,false,2025-04-28,4526894509519102,Banco A
f85c9089-2b19-401a-a683-054f0891df84,Crédito,9037,true,2025-10-21,4446122514278117,Banco C
9e1cfe91-cd76-482c-9933-b5a81a6c4f16,Crédito,7354,true,2026-02-12,4061561360574563,Banco A
8e2d6924-c693-4590-9fa9-f52c2cb659c6,Crédito,7183,false,2025-10-30,4589155159707963,Banco C
cce9a4e1-4e19-4c98-99c0-80f7bc1f4705,Débito,1587,false,2027-07-29,4570741394794955,Banco B
80d9f65e-2623-4aab-a90a-6908752aacc9,Débito,8330,true,2025-05-30,4471416466418377,Banco B
0f7d503b-909f-42b1-97fa-e95afb08a3bd,Débito,2905,true,2027-10-11,4007683541125796,Banco A
e7140329-1ae3-4052-8ee9-a2655a1a41d9,Crédito,3940,false,2025-09-03,4601907699901973,Banco B
1b872fc9-f9d8-470b-9f6f-d624ee40036d,Crédito,1101,true,2026-03-15,4135758867330349,Banco A
a1d86a95-402a-402e-bf53-27018fe103c9,Crédito,9686,false,2025-09-13,4455190392738675,Banco B
4ed8eff1-8415-42a4-b0e4-a1d1eea32b05,Crédito,3041,false,2027-08-03,4139069760314973,Banco A
fdddef6a-45d1-4039-a252-67529b8994ab,Débito,3338,true,2025-12-13,4569272551481143,Banco A
10b7a4cc-89f5-47e4-8e0a-957516c673d6,Crédito,6060,true,2027-04-21,4175586657425722,Banco B
54e6bb78-e02c-4166-a27c-52fc5b687125,Crédito,9548,false,2025-05-09,4779486355450488,Banco B
fc48991c-9415-4ad9-b947-efc28efe5592,Crédito,6678,false,2027-07-04,4650311672499275,Banco B
35cf0517-f932-4bf6-94aa-77273c1011e8,Crédito,2403,false,2025-09-21,4511273012727593,Banco A
426bb730-b332-4306-94c1-8472cea50163,Crédito,4605,false,2027-04-09,4709418187353572,Banco C
be49fb1a-bbef-4c94-b6d8-8317c7ce9bff,Débito,7055,true,2026-03-02,4075003052906708,Banco B
ef301384-e380-470c-a67a-3064c364ba4d,Crédito,6710,false,2025-11-16,4496646496801700,Banco B
97fd9678-097e-4df3-bcb4-c30de69d5ff9,Débito,1378,true,2025-04-02,4981256875469020,Banco A
5b7a5acb-2832-4e98-8416-1afdc45c888e,Crédito,8359,true,2028-02-01,4193100480140048,Banco B
f05eaccf-368e-4a13-8bda-9f047116996c,Débito,5174,true,2027-11-08,4367602610512464,Banco C
5f4da1e0-5daf-44d8-9caa-1259b6a10e39,Débito,3780,false,2026-08-30,4454240558731981,Banco C
4898c340-3907-450c-b27f-5ab3edbe5a86,Crédito,4579,true,2027-01-31,4733190718967993,Banco C
d4caead1-d648-4c5f-8ab0-6f31b4d47621,Crédito,3988,true,2026-12-09,4057952596429211,Banco A
00a271e3-3120-415c-af04-de310d4acfbf,Crédito,4495,true,2027-05-29,4210082141341714,Banco B
9b93ee4e-3181-449d-a2be-66849b3fe7bc,Crédito,2787,true,2025-08-18,4303380750931206,Banco B
e5dc8030-dc2a-4a96-a82b-b86673d0509c,Débito,6793,false,2027-07-16,4002711147017643,Banco C
